checked_at,type,title,price,part_number,url
2026-08-01T12:36:53+09:00,macbook-neo,MacBook Neo [整備済製品] Apple A18 Pro チップ - シルバー,102800,FHFA4J/A,https://www.apple.com/jp/shop/product/fhfa4j/a/macbook-neo-%E6%95%B4%E5%82%99%E6%B8%88%E8%A3%BD%E5%93%81-apple-a18-pro-%E3%83%81%E3%83%83%E3%83%97-%E3%82%B7%E3%83%AB%E3%83%90%E3%83%BC?fnode=d8d08b80c84e5188089998ddedf96b015078ecabf9551e7932901242f516a71b56251fa4e9a79aaf4a5bd8a0c5040f6bd993d37eabdc34c10cee412d87cf63f16d4fb7620c6bc47c926a2d49d0caf645
2026-08-01T12:36:53+09:00,macbook-neo,MacBook Neo [整備済製品] Apple A18 Pro チップ - シトラス,102800,FHFD4J/A,https://www.apple.com/jp/shop/product/fhfd4j/a/macbook-neo-%E6%95%B4%E5%82%99%E6%B8%88%E8%A3%BD%E5%93%81-apple-a18-pro-%E3%83%81%E3%83%83%E3%83%97-%E3%82%B7%E3%83%88%E3%83%A9%E3%82%B9?fnode=d8d08b80c84e5188089998ddedf96b015078ecabf9551e7932901242f516a71b56251fa4e9a79aaf4a5bd8a0c5040f6bd993d37eabdc34c10cee412d87cf63f16d4fb7620c6bc47c926a2d49d0caf645
2026-08-01T12:36:53+09:00,macbook-neo,MacBook Neo [整備済製品] Apple A18 Pro チップ - インディゴ,102800,FHFF4J/A,https://www.apple.com/jp/shop/product/fhff4j/a/macbook-neo-%E6%95%B4%E5%82%99%E6%B8%88%E8%A3%BD%E5%93%81-apple-a18-pro-%E3%83%81%E3%83%83%E3%83%97-%E3%82%A4%E3%83%B3%E3%83%87%E3%82%A3%E3%82%B4?fnode=d8d08b80c84e5188089998ddedf96b015078ecabf9551e7932901242f516a71b56251fa4e9a79aaf4a5bd8a0c5040f6bd993d37eabdc34c10cee412d87cf63f16d4fb7620c6bc47c926a2d49d0caf645
2026-08-01T12:36:53+09:00,macbook-neo,MacBook Neo [整備済製品] Apple A18 Pro チップ - ブラッシュ,102800,FHFH4J/A,https://www.apple.com/jp/shop/product/fhfh4j/a/macbook-neo-%E6%95%B4%E5%82%99%E6%B8%88%E8%A3%BD%E5%93%81-apple-a18-pro-%E3%83%81%E3%83%83%E3%83%97-%E3%83%96%E3%83%A9%E3%83%83%E3%82%B7%E3%83%A5?fnode=d8d08b80c84e5188089998ddedf96b015078ecabf9551e7932901242f516a71b56251fa4e9a79aaf4a5bd8a0c5040f6bd993d37eabdc34c10cee412d87cf63f16d4fb7620c6bc47c926a2d49d0caf645
2026-08-01T12:36:53+09:00,macbook-neo,MacBook Neo [整備済製品] Apple A18 Pro チップ、Touch ID - シトラス,116800,FHFE4J/A,https://www.apple.com/jp/shop/product/fhfe4j/a/macbook-neo-%E6%95%B4%E5%82%99%E6%B8%88%E8%A3%BD%E5%93%81-apple-a18-pro-%E3%83%81%E3%83%83%E3%83%97-touch-id-%E3%82%B7%E3%83%88%E3%83%A9%E3%82%B9?fnode=d8d08b80c84e5188089998ddedf96b015078ecabf9551e7932901242f516a71b56251fa4e9a79aaf4a5bd8a0c5040f6bd993d37eabdc34c10cee412d87cf63f16d4fb7620c6bc47c926a2d49d0caf645
2026-08-01T12:36:53+09:00,macbook-neo,MacBook Neo [整備済製品] Apple A18 Pro チップ、Touch ID - シルバー,116800,FHFC4J/A,https://www.apple.com/jp/shop/product/fhfc4j/a/macbook-neo-%E6%95%B4%E5%82%99%E6%B8%88%E8%A3%BD%E5%93%81-apple-a18-pro-%E3%83%81%E3%83%83%E3%83%97-touch-id-%E3%82%B7%E3%83%AB%E3%83%90%E3%83%BC?fnode=d8d08b80c84e5188089998ddedf96b015078ecabf9551e7932901242f516a71b56251fa4e9a79aaf4a5bd8a0c5040f6bd993d37eabdc34c10cee412d87cf63f16d4fb7620c6bc47c926a2d49d0caf645
2026-08-01T12:36:53+09:00,macbook-neo,MacBook Neo [整備済製品] Apple A18 Pro チップ、Touch ID - インディゴ,116800,FHFG4J/A,https://www.apple.com/jp/shop/product/fhfg4j/a/macbook-neo-%E6%95%B4%E5%82%99%E6%B8%88%E8%A3%BD%E5%93%81-apple-a18-pro-%E3%83%81%E3%83%83%E3%83%97-touch-id-%E3%82%A4%E3%83%B3%E3%83%87%E3%82%A3%E3%82%B4?fnode=d8d08b80c84e5188089998ddedf96b015078ecabf9551e7932901242f516a71b56251fa4e9a79aaf4a5bd8a0c5040f6bd993d37eabdc34c10cee412d87cf63f16d4fb7620c6bc47c926a2d49d0caf645
2026-08-01T12:36:53+09:00,macbook-neo,MacBook Neo [整備済製品] Apple A18 Pro チップ、Touch ID - ブラッシュ,116800,FHFJ4J/A,https://www.apple.com/jp/shop/product/fhfj4j/a/13%E3%82%A4%E3%83%B3%E3%83%81macbook-neo-%E3%83%96%E3%83%A9%E3%83%83%E3%82%B7%E3%83%A5?fnode=d8d08b80c84e5188089998ddedf96b015078ecabf9551e7932901242f516a71b56251fa4e9a79aaf4a5bd8a0c5040f6bd993d37eabdc34c10cee412d87cf63f16d4fb7620c6bc47c926a2d49d0caf645
2026-08-01T12:36:53+09:00,imac,24インチiMac [整備済製品] 8コアCPUと8コアGPUを搭載したApple M4チップ - シルバー,210800,FWUC3J/A,https://www.apple.com/jp/shop/product/fwuc3j/a/24%E3%82%A4%E3%83%B3%E3%83%81iMac-%E6%95%B4%E5%82%99%E6%B8%88%E8%A3%BD%E5%93%81-8%E3%82%B3%E3%82%A2CPU%E3%81%A88%E3%82%B3%E3%82%A2GPU%E3%82%92%E6%90%AD%E8%BC%89%E3%81%97%E3%81%9FApple-M4%E3%83%81%E3%83%83%E3%83%97-%E3%82%B7%E3%83%AB%E3%83%90%E3%83%BC?fnode=d8d08b80c84e5188089998ddedf96b015078ecabf9551e7932901242f516a71b56251fa4e9a79aaf4a5bd8a0c5040f6bd993d37eabdc34c10cee412d87cf63f16d4fb7620c6bc47c926a2d49d0caf645
2026-08-01T12:36:53+09:00,imac,24インチiMac [整備済製品] 8コアCPUと8コアGPUを搭載したApple M4チップ - グリーン,210800,FWUE3J/A,https://www.apple.com/jp/shop/product/fwue3j/a/24%E3%82%A4%E3%83%B3%E3%83%81iMac-%E6%95%B4%E5%82%99%E6%B8%88%E8%A3%BD%E5%93%81-8%E3%82%B3%E3%82%A2CPU%E3%81%A88%E3%82%B3%E3%82%A2GPU%E3%82%92%E6%90%AD%E8%BC%89%E3%81%97%E3%81%9FApple-M4%E3%83%81%E3%83%83%E3%83%97-%E3%82%B0%E3%83%AA%E3%83%BC%E3%83%B3?fnode=d8d08b80c84e5188089998ddedf96b015078ecabf9551e7932901242f516a71b56251fa4e9a79aaf4a5bd8a0c5040f6bd993d37eabdc34c10cee412d87cf63f16d4fb7620c6bc47c926a2d49d0caf645
2026-08-01T12:36:53+09:00,imac,24インチiMac [整備済製品] 8コアCPUと8コアGPUを搭載したApple M4チップ - ブルー,210800,FWUF3J/A,https://www.apple.com/jp/shop/product/fwuf3j/a/24%E3%82%A4%E3%83%B3%E3%83%81iMac-%E6%95%B4%E5%82%99%E6%B8%88%E8%A3%BD%E5%93%81-8%E3%82%B3%E3%82%A2CPU%E3%81%A88%E3%82%B3%E3%82%A2GPU%E3%82%92%E6%90%AD%E8%BC%89%E3%81%97%E3%81%9FApple-M4%E3%83%81%E3%83%83%E3%83%97-%E3%83%96%E3%83%AB%E3%83%BC?fnode=d8d08b80c84e5188089998ddedf96b015078ecabf9551e7932901242f516a71b56251fa4e9a79aaf4a5bd8a0c5040f6bd993d37eabdc34c10cee412d87cf63f16d4fb7620c6bc47c926a2d49d0caf645
2026-08-01T12:36:53+09:00,macbook-air,13インチMacBook Air [整備済製品] 10コアCPUと10コアGPUを搭載したApple M4チップ - スターライト,222800,G1CW0J/A,https://www.apple.com/jp/shop/product/g1cw0j/a/13%E3%82%A4%E3%83%B3%E3%83%81MacBook-Air-%5B%E6%95%B4%E5%82%99%E6%B8%88%E8%A3%BD%E5%93%81%5D-10%E3%82%B3%E3%82%A2CPU%E3%81%A810%E3%82%B3%E3%82%A2GPU%E3%82%92%E6%90%AD%E8%BC%89%E3%81%97%E3%81%9FApple-M4%E3%83%81%E3%83%83%E3%83%97-%E3%82%B9%E3%82%BF%E3%83%BC%E3%83%A9%E3%82%A4%E3%83%88?fnode=d8d08b80c84e5188089998ddedf96b015078ecabf9551e7932901242f516a71b56251fa4e9a79aaf4a5bd8a0c5040f6bd993d37eabdc34c10cee412d87cf63f16d4fb7620c6bc47c926a2d49d0caf645
2026-08-01T12:36:53+09:00,macbook-air,13インチMacBook Air [整備済製品] 10コアCPUと10コアGPUを搭載したApple M4チップ - スカイブルー,222800,G1H80J/A,https://www.apple.com/jp/shop/product/g1h80j/a/13%E3%82%A4%E3%83%B3%E3%83%81MacBook-Air-%5B%E6%95%B4%E5%82%99%E6%B8%88%E8%A3%BD%E5%93%81%5D-10%E3%82%B3%E3%82%A2CPU%E3%81%A810%E3%82%B3%E3%82%A2GPU%E3%82%92%E6%90%AD%E8%BC%89%E3%81%97%E3%81%9FApple-M4%E3%83%81%E3%83%83%E3%83%97-%E3%82%B9%E3%82%AB%E3%82%A4%E3%83%96%E3%83%AB%E3%83%BC?fnode=d8d08b80c84e5188089998ddedf96b015078ecabf9551e7932901242f516a71b56251fa4e9a79aaf4a5bd8a0c5040f6bd993d37eabdc34c10cee412d87cf63f16d4fb7620c6bc47c926a2d49d0caf645
2026-08-01T12:36:53+09:00,macbook-air,15インチMacBook Air [整備済製品] 10コアCPUと10コアGPUを搭載したApple M5チップ - シルバー,223800,FDV94J/A,https://www.apple.com/jp/shop/product/fdv94j/a?fnode=d8d08b80c84e5188089998ddedf96b015078ecabf9551e7932901242f516a71b56251fa4e9a79aaf4a5bd8a0c5040f6bd993d37eabdc34c10cee412d87cf63f16d4fb7620c6bc47c926a2d49d0caf645
2026-08-01T12:36:53+09:00,macbook-air,15インチMacBook Air [整備済製品] 10コアCPUと10コアGPUを搭載したApple M5チップ - スターライト,223800,FDVD4J/A,https://www.apple.com/jp/shop/product/fdvd4j/a?fnode=d8d08b80c84e5188089998ddedf96b015078ecabf9551e7932901242f516a71b56251fa4e9a79aaf4a5bd8a0c5040f6bd993d37eabdc34c10cee412d87cf63f16d4fb7620c6bc47c926a2d49d0caf645
2026-08-01T12:36:53+09:00,macbook-air,15インチMacBook Air [整備済製品] 10コアCPUと10コアGPUを搭載したApple M5チップ - ミッドナイト,223800,FDVH4J/A,https://www.apple.com/jp/shop/product/fdvh4j/a?fnode=d8d08b80c84e5188089998ddedf96b015078ecabf9551e7932901242f516a71b56251fa4e9a79aaf4a5bd8a0c5040f6bd993d37eabdc34c10cee412d87cf63f16d4fb7620c6bc47c926a2d49d0caf645
2026-08-01T12:36:53+09:00,macbook-air,15インチMacBook Air [整備済製品] 10コアCPUと10コアGPUを搭載したApple M5チップ - スカイブルー,223800,FDVQ4J/A,https://www.apple.com/jp/shop/product/fdvq4j/a?fnode=d8d08b80c84e5188089998ddedf96b015078ecabf9551e7932901242f516a71b56251fa4e9a79aaf4a5bd8a0c5040f6bd993d37eabdc34c10cee412d87cf63f16d4fb7620c6bc47c926a2d49d0caf645
2026-08-01T12:36:53+09:00,macbook-air,13インチMacBook Air [整備済製品] 10コアCPUと10コアGPUを搭載したApple M5チップ - シルバー,236800,FDH84J/A,https://www.apple.com/jp/shop/product/fdh84j/a?fnode=d8d08b80c84e5188089998ddedf96b015078ecabf9551e7932901242f516a71b56251fa4e9a79aaf4a5bd8a0c5040f6bd993d37eabdc34c10cee412d87cf63f16d4fb7620c6bc47c926a2d49d0caf645
2026-08-01T12:36:53+09:00,macbook-air,13インチMacBook Air [整備済製品] 10コアCPUと10コアGPUを搭載したApple M5チップ - スカイブルー,236800,FDHJ4J/A,https://www.apple.com/jp/shop/product/fdhj4j/a?fnode=d8d08b80c84e5188089998ddedf96b015078ecabf9551e7932901242f516a71b56251fa4e9a79aaf4a5bd8a0c5040f6bd993d37eabdc34c10cee412d87cf63f16d4fb7620c6bc47c926a2d49d0caf645
2026-08-01T12:36:53+09:00,macbook-pro,14インチMacBook Pro [整備済製品] 10コアCPUと10コアGPUを搭載したApple M5チップ - シルバー,244800,FDE44J/A,https://www.apple.com/jp/shop/product/fde44j/a/14%E3%82%A4%E3%83%B3%E3%83%81MacBook-Pro-%E6%95%B4%E5%82%99%E6%B8%88%E8%A3%BD%E5%93%81-10%E3%82%B3%E3%82%A2CPU%E3%81%A810%E3%82%B3%E3%82%A2GPU%E3%82%92%E6%90%AD%E8%BC%89%E3%81%97%E3%81%9FApple-M5%E3%83%81%E3%83%83%E3%83%97-%E3%82%B7%E3%83%AB%E3%83%90%E3%83%BC?fnode=d8d08b80c84e5188089998ddedf96b015078ecabf9551e7932901242f516a71b56251fa4e9a79aaf4a5bd8a0c5040f6bd993d37eabdc34c10cee412d87cf63f16d4fb7620c6bc47c926a2d49d0caf645
2026-08-01T12:36:53+09:00,imac,24インチiMac [整備済製品] 10コアCPUと10コアGPUを搭載したApple M4チップ、ギガビットEthernet - グリーン,244800,FWUY3J/A,https://www.apple.com/jp/shop/product/fwuy3j/a/24%E3%82%A4%E3%83%B3%E3%83%81imac-%E6%95%B4%E5%82%99%E6%B8%88%E8%A3%BD%E5%93%81-10%E3%82%B3%E3%82%A2cpu%E3%81%A810%E3%82%B3%E3%82%A2gpu%E3%82%92%E6%90%AD%E8%BC%89%E3%81%97%E3%81%9Fapple-m4%E3%83%81%E3%83%83%E3%83%97-%E3%82%AE%E3%82%AC%E3%83%93%E3%83%83%E3%83%88ethernet-%E3%82%B0%E3%83%AA%E3%83%BC%E3%83%B3?fnode=d8d08b80c84e5188089998ddedf96b015078ecabf9551e7932901242f516a71b56251fa4e9a79aaf4a5bd8a0c5040f6bd993d37eabdc34c10cee412d87cf63f16d4fb7620c6bc47c926a2d49d0caf645
2026-08-01T12:36:53+09:00,imac,24インチiMac [整備済製品] 10コアCPUと10コアGPUを搭載したApple M4チップ、ギガビットEthernet - ブルー,244800,FWV13J/A,https://www.apple.com/jp/shop/product/fwv13j/a/24%E3%82%A4%E3%83%B3%E3%83%81imac-%E6%95%B4%E5%82%99%E6%B8%88%E8%A3%BD%E5%93%81-10%E3%82%B3%E3%82%A2cpu%E3%81%A810%E3%82%B3%E3%82%A2gpu%E3%82%92%E6%90%AD%E8%BC%89%E3%81%97%E3%81%9Fapple-m4%E3%83%81%E3%83%83%E3%83%97-%E3%82%AE%E3%82%AC%E3%83%93%E3%83%83%E3%83%88ethernet-%E3%83%96%E3%83%AB%E3%83%BC?fnode=d8d08b80c84e5188089998ddedf96b015078ecabf9551e7932901242f516a71b56251fa4e9a79aaf4a5bd8a0c5040f6bd993d37eabdc34c10cee412d87cf63f16d4fb7620c6bc47c926a2d49d0caf645
2026-08-01T12:36:53+09:00,imac,24インチiMac [整備済製品] 10コアCPUと10コアGPUを搭載したApple M4チップ、ギガビットEthernet - ピンク,244800,FWV43J/A,https://www.apple.com/jp/shop/product/fwv43j/a/24%E3%82%A4%E3%83%B3%E3%83%81imac-%E6%95%B4%E5%82%99%E6%B8%88%E8%A3%BD%E5%93%81-10%E3%82%B3%E3%82%A2cpu%E3%81%A810%E3%82%B3%E3%82%A2gpu%E3%82%92%E6%90%AD%E8%BC%89%E3%81%97%E3%81%9Fapple-m4%E3%83%81%E3%83%83%E3%83%97-%E3%82%AE%E3%82%AC%E3%83%93%E3%83%83%E3%83%88ethernet-%E3%83%94%E3%83%B3%E3%82%AF?fnode=d8d08b80c84e5188089998ddedf96b015078ecabf9551e7932901242f516a71b56251fa4e9a79aaf4a5bd8a0c5040f6bd993d37eabdc34c10cee412d87cf63f16d4fb7620c6bc47c926a2d49d0caf645
2026-08-01T12:36:53+09:00,macbook-air,15インチMacBook Air [整備済製品] 10コアCPUと10コアGPUを搭載したApple M5チップ - スターライト,253800,G1LT0J/A,https://www.apple.com/jp/shop/product/g1lt0j/a?fnode=d8d08b80c84e5188089998ddedf96b015078ecabf9551e7932901242f516a71b56251fa4e9a79aaf4a5bd8a0c5040f6bd993d37eabdc34c10cee412d87cf63f16d4fb7620c6bc47c926a2d49d0caf645
2026-08-01T12:36:53+09:00,macbook-air,15インチMacBook Air [整備済製品] 10コアCPUと10コアGPUを搭載したApple M5チップ - ミッドナイト,253800,G1LW0J/A,https://www.apple.com/jp/shop/product/g1lw0j/a?fnode=d8d08b80c84e5188089998ddedf96b015078ecabf9551e7932901242f516a71b56251fa4e9a79aaf4a5bd8a0c5040f6bd993d37eabdc34c10cee412d87cf63f16d4fb7620c6bc47c926a2d49d0caf645
2026-08-01T12:36:53+09:00,macbook-air,15インチMacBook Air [整備済製品] 10コアCPUと10コアGPUを搭載したApple M5チップ - スカイブルー,253800,G1LZ0J/A,https://www.apple.com/jp/shop/product/g1lz0j/a?fnode=d8d08b80c84e5188089998ddedf96b015078ecabf9551e7932901242f516a71b56251fa4e9a79aaf4a5bd8a0c5040f6bd993d37eabdc34c10cee412d87cf63f16d4fb7620c6bc47c926a2d49d0caf645
2026-08-01T12:36:53+09:00,macbook-air,15インチMacBook Air [整備済製品] 10コアCPUと10コアGPUを搭載したApple M4チップ - スターライト,256800,G1DF0J/A,https://www.apple.com/jp/shop/product/g1df0j/a/15%E3%82%A4%E3%83%B3%E3%83%81MacBook-Air-%5B%E6%95%B4%E5%82%99%E6%B8%88%E8%A3%BD%E5%93%81%5D-10%E3%82%B3%E3%82%A2CPU%E3%81%A810%E3%82%B3%E3%82%A2GPU%E3%82%92%E6%90%AD%E8%BC%89%E3%81%97%E3%81%9FApple-M4-%E3%83%81%E3%83%83%E3%83%97-%E3%82%B9%E3%82%BF%E3%83%BC%E3%83%A9%E3%82%A4%E3%83%88?fnode=d8d08b80c84e5188089998ddedf96b015078ecabf9551e7932901242f516a71b56251fa4e9a79aaf4a5bd8a0c5040f6bd993d37eabdc34c10cee412d87cf63f16d4fb7620c6bc47c926a2d49d0caf645
2026-08-01T12:36:53+09:00,macbook-air,15インチMacBook Air [整備済製品] 10コアCPUと10コアGPUを搭載したApple M4チップ - スカイブルー,256800,G1HE0J/A,https://www.apple.com/jp/shop/product/g1he0j/a/15%E3%82%A4%E3%83%B3%E3%83%81MacBook-Air-%5B%E6%95%B4%E5%82%99%E6%B8%88%E8%A3%BD%E5%93%81%5D-10%E3%82%B3%E3%82%A2CPU%E3%81%A810%E3%82%B3%E3%82%A2GPU%E3%82%92%E6%90%AD%E8%BC%89%E3%81%97%E3%81%9FApple-M4-%E3%83%81%E3%83%83%E3%83%97-%E3%82%B9%E3%82%AB%E3%82%A4%E3%83%96%E3%83%AB%E3%83%BC?fnode=d8d08b80c84e5188089998ddedf96b015078ecabf9551e7932901242f516a71b56251fa4e9a79aaf4a5bd8a0c5040f6bd993d37eabdc34c10cee412d87cf63f16d4fb7620c6bc47c926a2d49d0caf645
2026-08-01T12:36:53+09:00,macbook-air,15インチMacBook Air [整備済製品] 10コアCPUと10コアGPUを搭載したApple M5チップ - シルバー,270800,FDVA4J/A,https://www.apple.com/jp/shop/product/fdva4j/a?fnode=d8d08b80c84e5188089998ddedf96b015078ecabf9551e7932901242f516a71b56251fa4e9a79aaf4a5bd8a0c5040f6bd993d37eabdc34c10cee412d87cf63f16d4fb7620c6bc47c926a2d49d0caf645
2026-08-01T12:36:53+09:00,macbook-air,15インチMacBook Air [整備済製品] 10コアCPUと10コアGPUを搭載したApple M5チップ - スターライト,270800,FDVE4J/A,https://www.apple.com/jp/shop/product/fdve4j/a?fnode=d8d08b80c84e5188089998ddedf96b015078ecabf9551e7932901242f516a71b56251fa4e9a79aaf4a5bd8a0c5040f6bd993d37eabdc34c10cee412d87cf63f16d4fb7620c6bc47c926a2d49d0caf645
2026-08-01T12:36:53+09:00,macbook-air,15インチMacBook Air [整備済製品] 10コアCPUと10コアGPUを搭載したApple M5チップ - ミッドナイト,270800,FDVK4J/A,https://www.apple.com/jp/shop/product/fdvk4j/a?fnode=d8d08b80c84e5188089998ddedf96b015078ecabf9551e7932901242f516a71b56251fa4e9a79aaf4a5bd8a0c5040f6bd993d37eabdc34c10cee412d87cf63f16d4fb7620c6bc47c926a2d49d0caf645
2026-08-01T12:36:53+09:00,macbook-air,15インチMacBook Air [整備済製品] 10コアCPUと10コアGPUを搭載したApple M5チップ - スカイブルー,270800,FDVT4J/A,https://www.apple.com/jp/shop/product/fdvt4j/a?fnode=d8d08b80c84e5188089998ddedf96b015078ecabf9551e7932901242f516a71b56251fa4e9a79aaf4a5bd8a0c5040f6bd993d37eabdc34c10cee412d87cf63f16d4fb7620c6bc47c926a2d49d0caf645
2026-08-01T12:36:53+09:00,imac,24インチiMac [整備済製品] 10コアCPUと10コアGPUを搭載したApple M4チップ、ギガビットEthernet - グリーン,275800,FWV03J/A,https://www.apple.com/jp/shop/product/fwv03j/a/24%E3%82%A4%E3%83%B3%E3%83%81imac-%E6%95%B4%E5%82%99%E6%B8%88%E8%A3%BD%E5%93%81-10%E3%82%B3%E3%82%A2cpu%E3%81%A810%E3%82%B3%E3%82%A2gpu%E3%82%92%E6%90%AD%E8%BC%89%E3%81%97%E3%81%9Fapple-m4%E3%83%81%E3%83%83%E3%83%97-%E3%82%AE%E3%82%AC%E3%83%93%E3%83%83%E3%83%88ethernet-%E3%82%B0%E3%83%AA%E3%83%BC%E3%83%B3?fnode=d8d08b80c84e5188089998ddedf96b015078ecabf9551e7932901242f516a71b56251fa4e9a79aaf4a5bd8a0c5040f6bd993d37eabdc34c10cee412d87cf63f16d4fb7620c6bc47c926a2d49d0caf645
2026-08-01T12:36:53+09:00,imac,24インチiMac [整備済製品] 10コアCPUと10コアGPUを搭載したApple M4チップ、ギガビットEthernet - オレンジ,275800,FWV93J/A,https://www.apple.com/jp/shop/product/fwv93j/a/24%E3%82%A4%E3%83%B3%E3%83%81imac-%E6%95%B4%E5%82%99%E6%B8%88%E8%A3%BD%E5%93%81-10%E3%82%B3%E3%82%A2cpu%E3%81%A810%E3%82%B3%E3%82%A2gpu%E3%82%92%E6%90%AD%E8%BC%89%E3%81%97%E3%81%9Fapple-m4%E3%83%81%E3%83%83%E3%83%97-%E3%82%AE%E3%82%AC%E3%83%93%E3%83%83%E3%83%88ethernet-%E3%82%AA%E3%83%AC%E3%83%B3%E3%82%B8?fnode=d8d08b80c84e5188089998ddedf96b015078ecabf9551e7932901242f516a71b56251fa4e9a79aaf4a5bd8a0c5040f6bd993d37eabdc34c10cee412d87cf63f16d4fb7620c6bc47c926a2d49d0caf645
2026-08-01T12:36:53+09:00,imac,24インチiMac [整備済製品] 10コアCPUと10コアGPUを搭載したApple M4チップ、ギガビットEthernet - シルバー,275800,G1EH0J/A,https://www.apple.com/jp/shop/product/g1eh0j/a/24%E3%82%A4%E3%83%B3%E3%83%81imac-%E6%95%B4%E5%82%99%E6%B8%88%E8%A3%BD%E5%93%81-10%E3%82%B3%E3%82%A2cpu%E3%81%A810%E3%82%B3%E3%82%A2gpu%E3%82%92%E6%90%AD%E8%BC%89%E3%81%97%E3%81%9Fapple-m4%E3%83%81%E3%83%83%E3%83%97-%E3%82%AE%E3%82%AC%E3%83%93%E3%83%83%E3%83%88ethernet-%E3%82%B7%E3%83%AB%E3%83%90%E3%83%BC?fnode=d8d08b80c84e5188089998ddedf96b015078ecabf9551e7932901242f516a71b56251fa4e9a79aaf4a5bd8a0c5040f6bd993d37eabdc34c10cee412d87cf63f16d4fb7620c6bc47c926a2d49d0caf645
2026-08-01T12:36:53+09:00,imac,24インチiMac [整備済製品] 10コアCPUと10コアGPUを搭載したApple M4チップ、ギガビットEthernet、Nano-textureガラス - シルバー,275800,G1EH1J/A,https://www.apple.com/jp/shop/product/g1eh1j/a/24%E3%82%A4%E3%83%B3%E3%83%81imac-%E6%95%B4%E5%82%99%E6%B8%88%E8%A3%BD%E5%93%81-10%E3%82%B3%E3%82%A2cpu%E3%81%A810%E3%82%B3%E3%82%A2gpu%E3%82%92%E6%90%AD%E8%BC%89%E3%81%97%E3%81%9Fapple-m4%E3%83%81%E3%83%83%E3%83%97-%E3%82%AE%E3%82%AC%E3%83%93%E3%83%83%E3%83%88ethernet-nano-texture%E3%82%AC%E3%83%A9%E3%82%B9-%E3%82%B7%E3%83%AB%E3%83%90%E3%83%BC?fnode=d8d08b80c84e5188089998ddedf96b015078ecabf9551e7932901242f516a71b56251fa4e9a79aaf4a5bd8a0c5040f6bd993d37eabdc34c10cee412d87cf63f16d4fb7620c6bc47c926a2d49d0caf645
2026-08-01T12:36:53+09:00,imac,24インチiMac [整備済製品] 10コアCPUと10コアGPUを搭載したApple M4チップ、ギガビットEthernet、Nano-textureガラス - イエロー,275800,G1EK1J/A,https://www.apple.com/jp/shop/product/g1ek1j/a/24%E3%82%A4%E3%83%B3%E3%83%81imac-%E6%95%B4%E5%82%99%E6%B8%88%E8%A3%BD%E5%93%81-10%E3%82%B3%E3%82%A2cpu%E3%81%A810%E3%82%B3%E3%82%A2gpu%E3%82%92%E6%90%AD%E8%BC%89%E3%81%97%E3%81%9Fapple-m4%E3%83%81%E3%83%83%E3%83%97-%E3%82%AE%E3%82%AC%E3%83%93%E3%83%83%E3%83%88ethernet-nano-texture%E3%82%AC%E3%83%A9%E3%82%B9-%E3%82%A4%E3%82%A8%E3%83%AD%E3%83%BC?fnode=d8d08b80c84e5188089998ddedf96b015078ecabf9551e7932901242f516a71b56251fa4e9a79aaf4a5bd8a0c5040f6bd993d37eabdc34c10cee412d87cf63f16d4fb7620c6bc47c926a2d49d0caf645
2026-08-01T12:36:53+09:00,imac,24インチiMac [整備済製品] 10コアCPUと10コアGPUを搭載したApple M4チップ、ギガビットEthernet、Nano-textureガラス - ブルー,275800,G1EP1J/A,https://www.apple.com/jp/shop/product/g1ep1j/a/24%E3%82%A4%E3%83%B3%E3%83%81imac-%E6%95%B4%E5%82%99%E6%B8%88%E8%A3%BD%E5%93%81-10%E3%82%B3%E3%82%A2cpu%E3%81%A810%E3%82%B3%E3%82%A2gpu%E3%82%92%E6%90%AD%E8%BC%89%E3%81%97%E3%81%9Fapple-m4%E3%83%81%E3%83%83%E3%83%97-%E3%82%AE%E3%82%AC%E3%83%93%E3%83%83%E3%83%88ethernet-nano-texture%E3%82%AC%E3%83%A9%E3%82%B9-%E3%83%96%E3%83%AB%E3%83%BC?fnode=d8d08b80c84e5188089998ddedf96b015078ecabf9551e7932901242f516a71b56251fa4e9a79aaf4a5bd8a0c5040f6bd993d37eabdc34c10cee412d87cf63f16d4fb7620c6bc47c926a2d49d0caf645
2026-08-01T12:36:53+09:00,imac,24インチiMac [整備済製品] 10コアCPUと10コアGPUを搭載したApple M4チップ、ギガビットEthernet、Nano-textureガラス - ピンク,275800,G1ER1J/A,https://www.apple.com/jp/shop/product/g1er1j/a/24%E3%82%A4%E3%83%B3%E3%83%81imac-%E6%95%B4%E5%82%99%E6%B8%88%E8%A3%BD%E5%93%81-10%E3%82%B3%E3%82%A2cpu%E3%81%A810%E3%82%B3%E3%82%A2gpu%E3%82%92%E6%90%AD%E8%BC%89%E3%81%97%E3%81%9Fapple-m4%E3%83%81%E3%83%83%E3%83%97-%E3%82%AE%E3%82%AC%E3%83%93%E3%83%83%E3%83%88ethernet-nano-texture%E3%82%AC%E3%83%A9%E3%82%B9-%E3%83%94%E3%83%B3%E3%82%AF?fnode=d8d08b80c84e5188089998ddedf96b015078ecabf9551e7932901242f516a71b56251fa4e9a79aaf4a5bd8a0c5040f6bd993d37eabdc34c10cee412d87cf63f16d4fb7620c6bc47c926a2d49d0caf645
2026-08-01T12:36:53+09:00,macbook-pro,14インチMacBook Pro [整備済製品] 10コアCPUと10コアGPUを搭載したApple M5チップ - シルバー,288800,FDE54J/A,https://www.apple.com/jp/shop/product/fde54j/a/14%E3%82%A4%E3%83%B3%E3%83%81MacBook-Pro-%E6%95%B4%E5%82%99%E6%B8%88%E8%A3%BD%E5%93%81-10%E3%82%B3%E3%82%A2CPU%E3%81%A810%E3%82%B3%E3%82%A2GPU%E3%82%92%E6%90%AD%E8%BC%89%E3%81%97%E3%81%9FApple-M5%E3%83%81%E3%83%83%E3%83%97-%E3%82%B7%E3%83%AB%E3%83%90%E3%83%BC?fnode=d8d08b80c84e5188089998ddedf96b015078ecabf9551e7932901242f516a71b56251fa4e9a79aaf4a5bd8a0c5040f6bd993d37eabdc34c10cee412d87cf63f16d4fb7620c6bc47c926a2d49d0caf645
2026-08-01T12:36:53+09:00,macbook-air,15インチMacBook Air [整備済製品] 10コアCPUと10コアGPUを搭載したApple M5チップ - シルバー,301800,FDVC4J/A,https://www.apple.com/jp/shop/product/fdvc4j/a?fnode=d8d08b80c84e5188089998ddedf96b015078ecabf9551e7932901242f516a71b56251fa4e9a79aaf4a5bd8a0c5040f6bd993d37eabdc34c10cee412d87cf63f16d4fb7620c6bc47c926a2d49d0caf645
2026-08-01T12:36:53+09:00,macbook-air,15インチMacBook Air [整備済製品] 10コアCPUと10コアGPUを搭載したApple M5チップ - スターライト,301800,FDVF4J/A,https://www.apple.com/jp/shop/product/fdvf4j/a?fnode=d8d08b80c84e5188089998ddedf96b015078ecabf9551e7932901242f516a71b56251fa4e9a79aaf4a5bd8a0c5040f6bd993d37eabdc34c10cee412d87cf63f16d4fb7620c6bc47c926a2d49d0caf645
2026-08-01T12:36:53+09:00,macbook-air,15インチMacBook Air [整備済製品] 10コアCPUと10コアGPUを搭載したApple M5チップ - ミッドナイト,301800,FDVN4J/A,https://www.apple.com/jp/shop/product/fdvn4j/a?fnode=d8d08b80c84e5188089998ddedf96b015078ecabf9551e7932901242f516a71b56251fa4e9a79aaf4a5bd8a0c5040f6bd993d37eabdc34c10cee412d87cf63f16d4fb7620c6bc47c926a2d49d0caf645
2026-08-01T12:36:53+09:00,macbook-air,15インチMacBook Air [整備済製品] 10コアCPUと10コアGPUを搭載したApple M5チップ - スカイブルー,301800,FDVU4J/A,https://www.apple.com/jp/shop/product/fdvu4j/a?fnode=d8d08b80c84e5188089998ddedf96b015078ecabf9551e7932901242f516a71b56251fa4e9a79aaf4a5bd8a0c5040f6bd993d37eabdc34c10cee412d87cf63f16d4fb7620c6bc47c926a2d49d0caf645
2026-08-01T12:36:53+09:00,macbook-pro,14インチMacBook Pro [整備済製品] 10コアCPUと10コアGPUを搭載したApple M5チップ、 Nano-textureディスプレイ - スペースブラック,311800,G1KJ2J/A,https://www.apple.com/jp/shop/product/g1kj2j/a/14%E3%82%A4%E3%83%B3%E3%83%81MacBook-Pro-%E6%95%B4%E5%82%99%E6%B8%88%E8%A3%BD%E5%93%81-10%E3%82%B3%E3%82%A2CPU%E3%81%A810%E3%82%B3%E3%82%A2GPU%E3%82%92%E6%90%AD%E8%BC%89%E3%81%97%E3%81%9FApple-M5%E3%83%81%E3%83%83%E3%83%97-Nano-texture%E3%83%87%E3%82%A3%E3%82%B9%E3%83%97%E3%83%AC%E3%82%A4-%E3%82%B9%E3%83%9A%E3%83%BC%E3%82%B9%E3%83%96%E3%83%A9%E3%83%83%E3%82%AF?fnode=d8d08b80c84e5188089998ddedf96b015078ecabf9551e7932901242f516a71b56251fa4e9a79aaf4a5bd8a0c5040f6bd993d37eabdc34c10cee412d87cf63f16d4fb7620c6bc47c926a2d49d0caf645
2026-08-01T12:36:53+09:00,macbook-air,15インチMacBook Air [整備済製品] 10コアCPUと10コアGPUを搭載したApple M5チップ - ミッドナイト,346800,G1LX0J/A,https://www.apple.com/jp/shop/product/g1lx0j/a?fnode=d8d08b80c84e5188089998ddedf96b015078ecabf9551e7932901242f516a71b56251fa4e9a79aaf4a5bd8a0c5040f6bd993d37eabdc34c10cee412d87cf63f16d4fb7620c6bc47c926a2d49d0caf645
2026-08-01T12:36:53+09:00,imac,24インチiMac [整備済製品] 10コアCPUと10コアGPUを搭載したApple M4チップ、ギガビットEthernet、Nano-textureガラス - イエロー,351800,G1EL3J/A,https://www.apple.com/jp/shop/product/g1el3j/a/24%E3%82%A4%E3%83%B3%E3%83%81imac-%E6%95%B4%E5%82%99%E6%B8%88%E8%A3%BD%E5%93%81-10%E3%82%B3%E3%82%A2cpu%E3%81%A810%E3%82%B3%E3%82%A2gpu%E3%82%92%E6%90%AD%E8%BC%89%E3%81%97%E3%81%9Fapple-m4%E3%83%81%E3%83%83%E3%83%97-%E3%82%AE%E3%82%AC%E3%83%93%E3%83%83%E3%83%88ethernet-nano-texture%E3%82%AC%E3%83%A9%E3%82%B9-%E3%82%A4%E3%82%A8%E3%83%AD%E3%83%BC?fnode=d8d08b80c84e5188089998ddedf96b015078ecabf9551e7932901242f516a71b56251fa4e9a79aaf4a5bd8a0c5040f6bd993d37eabdc34c10cee412d87cf63f16d4fb7620c6bc47c926a2d49d0caf645
2026-08-01T12:36:53+09:00,macbook-pro,14インチMacBook Pro [整備済製品] 15コアCPUと16コアGPUを搭載したApple M5 Proチップ - スペースブラック,363800,FGDR4J/A,https://www.apple.com/jp/shop/product/fgdr4j/a/14%E3%82%A4%E3%83%B3%E3%83%81MacBook-Pro-%E6%95%B4%E5%82%99%E6%B8%88%E8%A3%BD%E5%93%81-15%E3%82%B3%E3%82%A2CPU%E3%81%A816%E3%82%B3%E3%82%A2GPU%E3%82%92%E6%90%AD%E8%BC%89%E3%81%97%E3%81%9FApple-M5-Pro%E3%83%81%E3%83%83%E3%83%97-%E3%82%B9%E3%83%9A%E3%83%BC%E3%82%B9%E3%83%96%E3%83%A9%E3%83%83%E3%82%AF?fnode=d8d08b80c84e5188089998ddedf96b015078ecabf9551e7932901242f516a71b56251fa4e9a79aaf4a5bd8a0c5040f6bd993d37eabdc34c10cee412d87cf63f16d4fb7620c6bc47c926a2d49d0caf645
2026-08-01T12:36:53+09:00,macbook-pro,14インチMacBook Pro [整備済製品] 15コアCPUと16コアGPUを搭載したApple M5 Proチップ - シルバー,363800,FGDN4J/A,https://www.apple.com/jp/shop/product/fgdn4j/a/14%E3%82%A4%E3%83%B3%E3%83%81MacBook-Pro-%E6%95%B4%E5%82%99%E6%B8%88%E8%A3%BD%E5%93%81-15%E3%82%B3%E3%82%A2CPU%E3%81%A816%E3%82%B3%E3%82%A2GPU%E3%82%92%E6%90%AD%E8%BC%89%E3%81%97%E3%81%9FApple-M5-Pro%E3%83%81%E3%83%83%E3%83%97-%E3%82%B7%E3%83%AB%E3%83%90%E3%83%BC?fnode=d8d08b80c84e5188089998ddedf96b015078ecabf9551e7932901242f516a71b56251fa4e9a79aaf4a5bd8a0c5040f6bd993d37eabdc34c10cee412d87cf63f16d4fb7620c6bc47c926a2d49d0caf645
2026-08-01T12:36:53+09:00,macbook-pro,14インチMacBook Pro [整備済製品] 14コアCPUと20コアGPUを搭載したApple M4 Proチップ - スペースブラック,379800,FX2J3J/A,https://www.apple.com/jp/shop/product/fx2j3j/a/14%E3%82%A4%E3%83%B3%E3%83%81MacBook-Pro-%E6%95%B4%E5%82%99%E6%B8%88%E8%A3%BD%E5%93%81-14%E3%82%B3%E3%82%A2CPU%E3%81%A820%E3%82%B3%E3%82%A2GPU%E3%82%92%E6%90%AD%E8%BC%89%E3%81%97%E3%81%9FApple-M4-Pro%E3%83%81%E3%83%83%E3%83%97-%E3%82%B9%E3%83%9A%E3%83%BC%E3%82%B9%E3%83%96%E3%83%A9%E3%83%83%E3%82%AF?fnode=d8d08b80c84e5188089998ddedf96b015078ecabf9551e7932901242f516a71b56251fa4e9a79aaf4a5bd8a0c5040f6bd993d37eabdc34c10cee412d87cf63f16d4fb7620c6bc47c926a2d49d0caf645
2026-08-01T12:36:53+09:00,macbook-pro,16インチMacBook Pro [整備済製品] 14コアCPUと20コアGPUを搭載したApple M4 Proチップ - シルバー,382800,FX2T3J/A,https://www.apple.com/jp/shop/product/fx2t3j/a/16%E3%82%A4%E3%83%B3%E3%83%81MacBook-Pro-%E6%95%B4%E5%82%99%E6%B8%88%E8%A3%BD%E5%93%81-14%E3%82%B3%E3%82%A2CPU%E3%81%A820%E3%82%B3%E3%82%A2GPU%E3%82%92%E6%90%AD%E8%BC%89%E3%81%97%E3%81%9FApple-M4-Pro%E3%83%81%E3%83%83%E3%83%97-%E3%82%B7%E3%83%AB%E3%83%90%E3%83%BC?fnode=d8d08b80c84e5188089998ddedf96b015078ecabf9551e7932901242f516a71b56251fa4e9a79aaf4a5bd8a0c5040f6bd993d37eabdc34c10cee412d87cf63f16d4fb7620c6bc47c926a2d49d0caf645
2026-08-01T12:36:53+09:00,macbook-pro,16インチMacBook Pro [整備済製品] 14コアCPUと20コアGPUを搭載したApple M4 Proチップ - スペースブラック,382800,FX2X3J/A,https://www.apple.com/jp/shop/product/fx2x3j/a/16%E3%82%A4%E3%83%B3%E3%83%81MacBook-Pro-%E6%95%B4%E5%82%99%E6%B8%88%E8%A3%BD%E5%93%81-14%E3%82%B3%E3%82%A2CPU%E3%81%A820%E3%82%B3%E3%82%A2GPU%E3%82%92%E6%90%AD%E8%BC%89%E3%81%97%E3%81%9FApple-M4-Pro%E3%83%81%E3%83%83%E3%83%97-%E3%82%B9%E3%83%9A%E3%83%BC%E3%82%B9%E3%83%96%E3%83%A9%E3%83%83%E3%82%AF?fnode=d8d08b80c84e5188089998ddedf96b015078ecabf9551e7932901242f516a71b56251fa4e9a79aaf4a5bd8a0c5040f6bd993d37eabdc34c10cee412d87cf63f16d4fb7620c6bc47c926a2d49d0caf645
2026-08-01T12:36:53+09:00,macbook-pro,14インチMacBook Pro [整備済製品] 15コアCPUと16コアGPUを搭載したApple M5 Proチップ、Nano-textureディスプレイ - シルバー,386800,G1MH0J/A,https://www.apple.com/jp/shop/product/g1mh0j/a/14%E3%82%A4%E3%83%B3%E3%83%81MacBook-Pro-%E6%95%B4%E5%82%99%E6%B8%88%E8%A3%BD%E5%93%81-15%E3%82%B3%E3%82%A2CPU%E3%81%A816%E3%82%B3%E3%82%A2GPU%E3%82%92%E6%90%AD%E8%BC%89%E3%81%97%E3%81%9FApple-M5-Pro%E3%83%81%E3%83%83%E3%83%97Nano-texture%E3%83%87%E3%82%A3%E3%82%B9%E3%83%97%E3%83%AC%E3%82%A4-%E3%82%B7%E3%83%AB%E3%83%90%E3%83%BC?fnode=d8d08b80c84e5188089998ddedf96b015078ecabf9551e7932901242f516a71b56251fa4e9a79aaf4a5bd8a0c5040f6bd993d37eabdc34c10cee412d87cf63f16d4fb7620c6bc47c926a2d49d0caf645
2026-08-01T12:36:53+09:00,macbook-pro,14インチMacBook Pro [整備済製品] 10コアCPUと10コアGPUを搭載したApple M5チップ、 Nano-textureディスプレイ - スペースブラック,387800,G1KJ3J/A,https://www.apple.com/jp/shop/product/g1kj3j/a/14%E3%82%A4%E3%83%B3%E3%83%81MacBook-Pro-%E6%95%B4%E5%82%99%E6%B8%88%E8%A3%BD%E5%93%81-10%E3%82%B3%E3%82%A2CPU%E3%81%A810%E3%82%B3%E3%82%A2GPU%E3%82%92%E6%90%AD%E8%BC%89%E3%81%97%E3%81%9FApple-M5%E3%83%81%E3%83%83%E3%83%97-Nano-texture%E3%83%87%E3%82%A3%E3%82%B9%E3%83%97%E3%83%AC%E3%82%A4-%E3%82%B9%E3%83%9A%E3%83%BC%E3%82%B9%E3%83%96%E3%83%A9%E3%83%83%E3%82%AF?fnode=d8d08b80c84e5188089998ddedf96b015078ecabf9551e7932901242f516a71b56251fa4e9a79aaf4a5bd8a0c5040f6bd993d37eabdc34c10cee412d87cf63f16d4fb7620c6bc47c926a2d49d0caf645
2026-08-01T12:36:53+09:00,imac,24インチiMac [整備済製品] 10コアCPUと10コアGPUを搭載したApple M4チップ、ギガビットEthernet - シルバー,397800,G1EJ1J/A,https://www.apple.com/jp/shop/product/g1ej1j/a/24%E3%82%A4%E3%83%B3%E3%83%81imac-%E6%95%B4%E5%82%99%E6%B8%88%E8%A3%BD%E5%93%81-10%E3%82%B3%E3%82%A2cpu%E3%81%A810%E3%82%B3%E3%82%A2gpu%E3%82%92%E6%90%AD%E8%BC%89%E3%81%97%E3%81%9Fapple-m4%E3%83%81%E3%83%83%E3%83%97-%E3%82%AE%E3%82%AC%E3%83%93%E3%83%83%E3%83%88ethernet-%E3%82%B7%E3%83%AB%E3%83%90%E3%83%BC?fnode=d8d08b80c84e5188089998ddedf96b015078ecabf9551e7932901242f516a71b56251fa4e9a79aaf4a5bd8a0c5040f6bd993d37eabdc34c10cee412d87cf63f16d4fb7620c6bc47c926a2d49d0caf645
2026-08-01T12:36:53+09:00,macbook-pro,16インチMacBook Pro [整備済製品] 14コアCPUと20コアGPUを搭載したApple M4 Proチップ、Nano-textureディスプレイ - シルバー,405800,G1FP3J/A,https://www.apple.com/jp/shop/product/g1fp3j/a/16%E3%82%A4%E3%83%B3%E3%83%81MacBook-Pro-%E6%95%B4%E5%82%99%E6%B8%88%E8%A3%BD%E5%93%81-14%E3%82%B3%E3%82%A2CPU%E3%81%A820%E3%82%B3%E3%82%A2GPU%E3%82%92%E6%90%AD%E8%BC%89%E3%81%97%E3%81%9FApple-M4-Pro%E3%83%81%E3%83%83%E3%83%97Nano-texture%E3%83%87%E3%82%A3%E3%82%B9%E3%83%97%E3%83%AC%E3%82%A4-%E3%82%B7%E3%83%AB%E3%83%90%E3%83%BC?fnode=d8d08b80c84e5188089998ddedf96b015078ecabf9551e7932901242f516a71b56251fa4e9a79aaf4a5bd8a0c5040f6bd993d37eabdc34c10cee412d87cf63f16d4fb7620c6bc47c926a2d49d0caf645
2026-08-01T12:36:53+09:00,macbook-pro,16インチMacBook Pro [整備済製品] 14コアCPUと20コアGPUを搭載したApple M4 Proチップ、Nano-textureディスプレイ - スペースブラック,405800,G1FT3J/A,https://www.apple.com/jp/shop/product/g1ft3j/a/16%E3%82%A4%E3%83%B3%E3%83%81MacBook-Pro-%E6%95%B4%E5%82%99%E6%B8%88%E8%A3%BD%E5%93%81-14%E3%82%B3%E3%82%A2CPU%E3%81%A820%E3%82%B3%E3%82%A2GPU%E3%82%92%E6%90%AD%E8%BC%89%E3%81%97%E3%81%9FApple-M4-Pro%E3%83%81%E3%83%83%E3%83%97Nano-texture%E3%83%87%E3%82%A3%E3%82%B9%E3%83%97%E3%83%AC%E3%82%A4-%E3%82%B9%E3%83%9A%E3%83%BC%E3%82%B9%E3%83%96%E3%83%A9%E3%83%83%E3%82%AF?fnode=d8d08b80c84e5188089998ddedf96b015078ecabf9551e7932901242f516a71b56251fa4e9a79aaf4a5bd8a0c5040f6bd993d37eabdc34c10cee412d87cf63f16d4fb7620c6bc47c926a2d49d0caf645
2026-08-01T12:36:53+09:00,display,Studio Display XDR [整備済製品] - 標準ガラス - VESAマウントアダプタ,406800,FFEN4J/A,https://www.apple.com/jp/shop/product/ffen4j/a/Studio-Display-XDR-%E6%95%B4%E5%82%99%E6%B8%88%E8%A3%BD%E5%93%81-%E6%A8%99%E6%BA%96%E3%82%AC%E3%83%A9%E3%82%B9-VESA%E3%83%9E%E3%82%A6%E3%83%B3%E3%83%88%E3%82%A2%E3%83%80%E3%83%97%E3%82%BF?fnode=d8d08b80c84e5188089998ddedf96b015078ecabf9551e7932901242f516a71b56251fa4e9a79aaf4a5bd8a0c5040f6bd993d37eabdc34c10cee412d87cf63f16d4fb7620c6bc47c926a2d49d0caf645
2026-08-01T12:36:53+09:00,imac,24インチiMac [整備済製品] 10コアCPUと10コアGPUを搭載したApple M4チップ、ギガビットEthernet - ピンク,428800,G1K63J/A,https://www.apple.com/jp/shop/product/g1k63j/a/24%E3%82%A4%E3%83%B3%E3%83%81imac-%E6%95%B4%E5%82%99%E6%B8%88%E8%A3%BD%E5%93%81-10%E3%82%B3%E3%82%A2cpu%E3%81%A810%E3%82%B3%E3%82%A2gpu%E3%82%92%E6%90%AD%E8%BC%89%E3%81%97%E3%81%9Fapple-m4%E3%83%81%E3%83%83%E3%83%97-%E3%82%AE%E3%82%AC%E3%83%93%E3%83%83%E3%83%88ethernet-%E3%83%94%E3%83%B3%E3%82%AF?fnode=d8d08b80c84e5188089998ddedf96b015078ecabf9551e7932901242f516a71b56251fa4e9a79aaf4a5bd8a0c5040f6bd993d37eabdc34c10cee412d87cf63f16d4fb7620c6bc47c926a2d49d0caf645
2026-08-01T12:36:53+09:00,macbook-pro,14インチMacBook Pro [整備済製品] 15コアCPUと16コアGPUを搭載したApple M5 Proチップ - シルバー,439800,G1MHAJ/A,https://www.apple.com/jp/shop/product/g1mhaj/a/14%E3%82%A4%E3%83%B3%E3%83%81MacBook-Pro-%E6%95%B4%E5%82%99%E6%B8%88%E8%A3%BD%E5%93%81-15%E3%82%B3%E3%82%A2CPU%E3%81%A816%E3%82%B3%E3%82%A2GPU%E3%82%92%E6%90%AD%E8%BC%89%E3%81%97%E3%81%9FApple-M5-Pro%E3%83%81%E3%83%83%E3%83%97-%E3%82%B7%E3%83%AB%E3%83%90%E3%83%BC?fnode=d8d08b80c84e5188089998ddedf96b015078ecabf9551e7932901242f516a71b56251fa4e9a79aaf4a5bd8a0c5040f6bd993d37eabdc34c10cee412d87cf63f16d4fb7620c6bc47c926a2d49d0caf645
2026-08-01T12:36:53+09:00,macbook-pro,14インチMacBook Pro [整備済製品] 15コアCPUと16コアGPUを搭載したApple M5 Proチップ - スペースブラック,439800,G1MLAJ/A,https://www.apple.com/jp/shop/product/g1mlaj/a/14%E3%82%A4%E3%83%B3%E3%83%81MacBook-Pro-%E6%95%B4%E5%82%99%E6%B8%88%E8%A3%BD%E5%93%81-15%E3%82%B3%E3%82%A2CPU%E3%81%A816%E3%82%B3%E3%82%A2GPU%E3%82%92%E6%90%AD%E8%BC%89%E3%81%97%E3%81%9FApple-M5-Pro%E3%83%81%E3%83%83%E3%83%97-%E3%82%B9%E3%83%9A%E3%83%BC%E3%82%B9%E3%83%96%E3%83%A9%E3%83%83%E3%82%AF?fnode=d8d08b80c84e5188089998ddedf96b015078ecabf9551e7932901242f516a71b56251fa4e9a79aaf4a5bd8a0c5040f6bd993d37eabdc34c10cee412d87cf63f16d4fb7620c6bc47c926a2d49d0caf645
2026-08-01T12:36:53+09:00,macbook-pro,16インチMacBook Pro [整備済製品] 18コアCPUと20コアGPUを搭載したApple M5 Proチップ - シルバー,441800,FGE44J/A,https://www.apple.com/jp/shop/product/fge44j/a/16%E3%82%A4%E3%83%B3%E3%83%81MacBook-Pro-%E6%95%B4%E5%82%99%E6%B8%88%E8%A3%BD%E5%93%81-18%E3%82%B3%E3%82%A2CPU%E3%81%A820%E3%82%B3%E3%82%A2GPU%E3%82%92%E6%90%AD%E8%BC%89%E3%81%97%E3%81%9FApple-M5-Pro%E3%83%81%E3%83%83%E3%83%97-%E3%82%B7%E3%83%AB%E3%83%90%E3%83%BC?fnode=d8d08b80c84e5188089998ddedf96b015078ecabf9551e7932901242f516a71b56251fa4e9a79aaf4a5bd8a0c5040f6bd993d37eabdc34c10cee412d87cf63f16d4fb7620c6bc47c926a2d49d0caf645
2026-08-01T12:36:53+09:00,macbook-pro,16インチMacBook Pro [整備済製品] 18コアCPUと20コアGPUを搭載したApple M5 Proチップ - スペースブラック,441800,FGEA4J/A,https://www.apple.com/jp/shop/product/fgea4j/a/16%E3%82%A4%E3%83%B3%E3%83%81MacBook-Pro-%E6%95%B4%E5%82%99%E6%B8%88%E8%A3%BD%E5%93%81-18%E3%82%B3%E3%82%A2CPU%E3%81%A820%E3%82%B3%E3%82%A2GPU%E3%82%92%E6%90%AD%E8%BC%89%E3%81%97%E3%81%9FApple-M5-Pro%E3%83%81%E3%83%83%E3%83%97-%E3%82%B9%E3%83%9A%E3%83%BC%E3%82%B9%E3%83%96%E3%83%A9%E3%83%83%E3%82%AF?fnode=d8d08b80c84e5188089998ddedf96b015078ecabf9551e7932901242f516a71b56251fa4e9a79aaf4a5bd8a0c5040f6bd993d37eabdc34c10cee412d87cf63f16d4fb7620c6bc47c926a2d49d0caf645
2026-08-01T12:36:53+09:00,display,Studio Display XDR [整備済製品] - Nano-textureガラス - VESAマウントアダプタ,449800,FFEQ4J/A,https://www.apple.com/jp/shop/product/ffeq4j/a/nano-texture-%E3%82%AC%E3%83%A9%E3%82%B9-vesa-%E3%83%9E%E3%82%A6%E3%83%B3%E3%83%88-%E3%82%A2%E3%83%80%E3%83%97%E3%82%BF?fnode=d8d08b80c84e5188089998ddedf96b015078ecabf9551e7932901242f516a71b56251fa4e9a79aaf4a5bd8a0c5040f6bd993d37eabdc34c10cee412d87cf63f16d4fb7620c6bc47c926a2d49d0caf645
2026-08-01T12:36:53+09:00,macbook-pro,16インチMacBook Pro [整備済製品] 14コアCPUと20コアGPUを搭載したApple M4 Proチップ、Nano-textureディスプレイ - シルバー,451800,G1FP4J/A,https://www.apple.com/jp/shop/product/g1fp4j/a/16%E3%82%A4%E3%83%B3%E3%83%81MacBook-Pro-%E6%95%B4%E5%82%99%E6%B8%88%E8%A3%BD%E5%93%81-14%E3%82%B3%E3%82%A2CPU%E3%81%A820%E3%82%B3%E3%82%A2GPU%E3%82%92%E6%90%AD%E8%BC%89%E3%81%97%E3%81%9FApple-M4-Pro%E3%83%81%E3%83%83%E3%83%97Nano-texture%E3%83%87%E3%82%A3%E3%82%B9%E3%83%97%E3%83%AC%E3%82%A4-%E3%82%B7%E3%83%AB%E3%83%90%E3%83%BC?fnode=d8d08b80c84e5188089998ddedf96b015078ecabf9551e7932901242f516a71b56251fa4e9a79aaf4a5bd8a0c5040f6bd993d37eabdc34c10cee412d87cf63f16d4fb7620c6bc47c926a2d49d0caf645
2026-08-01T12:36:53+09:00,macbook-pro,16インチMacBook Pro [整備済製品] 14コアCPUと20コアGPUを搭載したApple M4 Proチップ、Nano-textureディスプレイ - スペースブラック,451800,G1FT4J/A,https://www.apple.com/jp/shop/product/g1ft4j/a/16%E3%82%A4%E3%83%B3%E3%83%81MacBook-Pro-%E6%95%B4%E5%82%99%E6%B8%88%E8%A3%BD%E5%93%81-14%E3%82%B3%E3%82%A2CPU%E3%81%A820%E3%82%B3%E3%82%A2GPU%E3%82%92%E6%90%AD%E8%BC%89%E3%81%97%E3%81%9FApple-M4-Pro%E3%83%81%E3%83%83%E3%83%97Nano-texture%E3%83%87%E3%82%A3%E3%82%B9%E3%83%97%E3%83%AC%E3%82%A4-%E3%82%B9%E3%83%9A%E3%83%BC%E3%82%B9%E3%83%96%E3%83%A9%E3%83%83%E3%82%AF?fnode=d8d08b80c84e5188089998ddedf96b015078ecabf9551e7932901242f516a71b56251fa4e9a79aaf4a5bd8a0c5040f6bd993d37eabdc34c10cee412d87cf63f16d4fb7620c6bc47c926a2d49d0caf645
2026-08-01T12:36:53+09:00,macbook-pro,14インチMacBook Pro [整備済製品] 15コアCPUと16コアGPUを搭載したApple M5 Proチップ - シルバー,455800,G1MHEJ/A,https://www.apple.com/jp/shop/product/g1mhej/a/14%E3%82%A4%E3%83%B3%E3%83%81MacBook-Pro-%E6%95%B4%E5%82%99%E6%B8%88%E8%A3%BD%E5%93%81-15%E3%82%B3%E3%82%A2CPU%E3%81%A816%E3%82%B3%E3%82%A2GPU%E3%82%92%E6%90%AD%E8%BC%89%E3%81%97%E3%81%9FApple-M5-Pro%E3%83%81%E3%83%83%E3%83%97-%E3%82%B7%E3%83%AB%E3%83%90%E3%83%BC?fnode=d8d08b80c84e5188089998ddedf96b015078ecabf9551e7932901242f516a71b56251fa4e9a79aaf4a5bd8a0c5040f6bd993d37eabdc34c10cee412d87cf63f16d4fb7620c6bc47c926a2d49d0caf645
2026-08-01T12:36:53+09:00,macbook-pro,14インチMacBook Pro [整備済製品] 15コアCPUと16コアGPUを搭載したApple M5 Proチップ - スペースブラック,455800,G1MLEJ/A,https://www.apple.com/jp/shop/product/g1mlej/a/14%E3%82%A4%E3%83%B3%E3%83%81MacBook-Pro-%E6%95%B4%E5%82%99%E6%B8%88%E8%A3%BD%E5%93%81-15%E3%82%B3%E3%82%A2CPU%E3%81%A816%E3%82%B3%E3%82%A2GPU%E3%82%92%E6%90%AD%E8%BC%89%E3%81%97%E3%81%9FApple-M5-Pro%E3%83%81%E3%83%83%E3%83%97-%E3%82%B9%E3%83%9A%E3%83%BC%E3%82%B9%E3%83%96%E3%83%A9%E3%83%83%E3%82%AF?fnode=d8d08b80c84e5188089998ddedf96b015078ecabf9551e7932901242f516a71b56251fa4e9a79aaf4a5bd8a0c5040f6bd993d37eabdc34c10cee412d87cf63f16d4fb7620c6bc47c926a2d49d0caf645
2026-08-01T12:36:53+09:00,macbook-pro,16インチMacBook Pro [整備済製品] 18コアCPUと20コアGPUを搭載したApple M5 Proチップ、Nano-textureディスプレイ - シルバー,464800,G1MV0J/A,https://www.apple.com/jp/shop/product/g1mv0j/a/16%E3%82%A4%E3%83%B3%E3%83%81MacBook-Pro-%E6%95%B4%E5%82%99%E6%B8%88%E8%A3%BD%E5%93%81-18%E3%82%B3%E3%82%A2CPU%E3%81%A820%E3%82%B3%E3%82%A2GPU%E3%82%92%E6%90%AD%E8%BC%89%E3%81%97%E3%81%9FApple-M5-Pro%E3%83%81%E3%83%83%E3%83%97Nano-texture%E3%83%87%E3%82%A3%E3%82%B9%E3%83%97%E3%83%AC%E3%82%A4-%E3%82%B7%E3%83%AB%E3%83%90%E3%83%BC?fnode=d8d08b80c84e5188089998ddedf96b015078ecabf9551e7932901242f516a71b56251fa4e9a79aaf4a5bd8a0c5040f6bd993d37eabdc34c10cee412d87cf63f16d4fb7620c6bc47c926a2d49d0caf645
2026-08-01T12:36:53+09:00,macbook-pro,16インチMacBook Pro [整備済製品] 18コアCPUと20コアGPUを搭載したApple M5 Proチップ、Nano-textureディスプレイ - スペースブラック,464800,G1MZ0J/A,https://www.apple.com/jp/shop/product/g1mz0j/a/16%E3%82%A4%E3%83%B3%E3%83%81MacBook-Pro-%E6%95%B4%E5%82%99%E6%B8%88%E8%A3%BD%E5%93%81-18%E3%82%B3%E3%82%A2CPU%E3%81%A820%E3%82%B3%E3%82%A2GPU%E3%82%92%E6%90%AD%E8%BC%89%E3%81%97%E3%81%9FApple-M5-Pro%E3%83%81%E3%83%83%E3%83%97Nano-texture%E3%83%87%E3%82%A3%E3%82%B9%E3%83%97%E3%83%AC%E3%82%A4-%E3%82%B9%E3%83%9A%E3%83%BC%E3%82%B9%E3%83%96%E3%83%A9%E3%83%83%E3%82%AF?fnode=d8d08b80c84e5188089998ddedf96b015078ecabf9551e7932901242f516a71b56251fa4e9a79aaf4a5bd8a0c5040f6bd993d37eabdc34c10cee412d87cf63f16d4fb7620c6bc47c926a2d49d0caf645
2026-08-01T12:36:53+09:00,display,Studio Display XDR [整備済製品] - 標準ガラス - 傾きと高さを調整できるスタンド,465800,FFEL4J/A,https://www.apple.com/jp/shop/product/ffel4j/a/%E6%A8%99%E6%BA%96-%E3%82%AC%E3%83%A9%E3%82%B9-%E5%82%BE%E3%81%8D-%E9%AB%98%E3%81%95-%E8%AA%BF%E6%95%B4%E3%81%A7%E3%81%8D%E3%82%8B-%E3%82%B9%E3%82%BF%E3%83%B3%E3%83%89?fnode=d8d08b80c84e5188089998ddedf96b015078ecabf9551e7932901242f516a71b56251fa4e9a79aaf4a5bd8a0c5040f6bd993d37eabdc34c10cee412d87cf63f16d4fb7620c6bc47c926a2d49d0caf645
2026-08-01T12:36:53+09:00,macbook-pro,14インチMacBook Pro [整備済製品] 18コアCPUと20コアGPUを搭載したApple M5 Proチップ - シルバー,466800,FGDP4J/A,https://www.apple.com/jp/shop/product/fgdp4j/a/14%E3%82%A4%E3%83%B3%E3%83%81MacBook-Pro-%E6%95%B4%E5%82%99%E6%B8%88%E8%A3%BD%E5%93%81-18%E3%82%B3%E3%82%A2CPU%E3%81%A820%E3%82%B3%E3%82%A2GPU%E3%82%92%E6%90%AD%E8%BC%89%E3%81%97%E3%81%9FApple-M5-Pro%E3%83%81%E3%83%83%E3%83%97-%E3%82%B7%E3%83%AB%E3%83%90%E3%83%BC?fnode=d8d08b80c84e5188089998ddedf96b015078ecabf9551e7932901242f516a71b56251fa4e9a79aaf4a5bd8a0c5040f6bd993d37eabdc34c10cee412d87cf63f16d4fb7620c6bc47c926a2d49d0caf645
2026-08-01T12:36:53+09:00,macbook-pro,14インチMacBook Pro [整備済製品] 18コアCPUと20コアGPUを搭載したApple M5 Proチップ - スペースブラック,466800,FGDT4J/A,https://www.apple.com/jp/shop/product/fgdt4j/a/14%E3%82%A4%E3%83%B3%E3%83%81MacBook-Pro-%E6%95%B4%E5%82%99%E6%B8%88%E8%A3%BD%E5%93%81-18%E3%82%B3%E3%82%A2CPU%E3%81%A820%E3%82%B3%E3%82%A2GPU%E3%82%92%E6%90%AD%E8%BC%89%E3%81%97%E3%81%9FApple-M5-Pro%E3%83%81%E3%83%83%E3%83%97-%E3%82%B9%E3%83%9A%E3%83%BC%E3%82%B9%E3%83%96%E3%83%A9%E3%83%83%E3%82%AF?fnode=d8d08b80c84e5188089998ddedf96b015078ecabf9551e7932901242f516a71b56251fa4e9a79aaf4a5bd8a0c5040f6bd993d37eabdc34c10cee412d87cf63f16d4fb7620c6bc47c926a2d49d0caf645
2026-08-01T12:36:53+09:00,macbook-pro,16インチMacBook Pro [整備済製品] 14コアCPUと20コアGPUを搭載したApple M4 Proチップ - シルバー,473800,FX2U3J/A,https://www.apple.com/jp/shop/product/fx2u3j/a/16%E3%82%A4%E3%83%B3%E3%83%81MacBook-Pro-%E6%95%B4%E5%82%99%E6%B8%88%E8%A3%BD%E5%93%81-14%E3%82%B3%E3%82%A2CPU%E3%81%A820%E3%82%B3%E3%82%A2GPU%E3%82%92%E6%90%AD%E8%BC%89%E3%81%97%E3%81%9FApple-M4-Pro%E3%83%81%E3%83%83%E3%83%97-%E3%82%B7%E3%83%AB%E3%83%90%E3%83%BC?fnode=d8d08b80c84e5188089998ddedf96b015078ecabf9551e7932901242f516a71b56251fa4e9a79aaf4a5bd8a0c5040f6bd993d37eabdc34c10cee412d87cf63f16d4fb7620c6bc47c926a2d49d0caf645
2026-08-01T12:36:53+09:00,macbook-pro,16インチMacBook Pro [整備済製品] 14コアCPUと20コアGPUを搭載したApple M4 Proチップ - スペースブラック,473800,FX2Y3J/A,https://www.apple.com/jp/shop/product/fx2y3j/a/16%E3%82%A4%E3%83%B3%E3%83%81MacBook-Pro-%E6%95%B4%E5%82%99%E6%B8%88%E8%A3%BD%E5%93%81-14%E3%82%B3%E3%82%A2CPU%E3%81%A820%E3%82%B3%E3%82%A2GPU%E3%82%92%E6%90%AD%E8%BC%89%E3%81%97%E3%81%9FApple-M4-Pro%E3%83%81%E3%83%83%E3%83%97-%E3%82%B9%E3%83%9A%E3%83%BC%E3%82%B9%E3%83%96%E3%83%A9%E3%83%83%E3%82%AF?fnode=d8d08b80c84e5188089998ddedf96b015078ecabf9551e7932901242f516a71b56251fa4e9a79aaf4a5bd8a0c5040f6bd993d37eabdc34c10cee412d87cf63f16d4fb7620c6bc47c926a2d49d0caf645
2026-08-01T12:36:53+09:00,macbook-pro,14インチMacBook Pro [整備済製品] 15コアCPUと16コアGPUを搭載したApple M5 Proチップ、Nano-textureディスプレイ - シルバー,478800,G1MHFJ/A,https://www.apple.com/jp/shop/product/g1mhfj/a/14%E3%82%A4%E3%83%B3%E3%83%81MacBook-Pro-%E6%95%B4%E5%82%99%E6%B8%88%E8%A3%BD%E5%93%81-15%E3%82%B3%E3%82%A2CPU%E3%81%A816%E3%82%B3%E3%82%A2GPU%E3%82%92%E6%90%AD%E8%BC%89%E3%81%97%E3%81%9FApple-M5-Pro%E3%83%81%E3%83%83%E3%83%97Nano-texture%E3%83%87%E3%82%A3%E3%82%B9%E3%83%97%E3%83%AC%E3%82%A4-%E3%82%B7%E3%83%AB%E3%83%90%E3%83%BC?fnode=d8d08b80c84e5188089998ddedf96b015078ecabf9551e7932901242f516a71b56251fa4e9a79aaf4a5bd8a0c5040f6bd993d37eabdc34c10cee412d87cf63f16d4fb7620c6bc47c926a2d49d0caf645
2026-08-01T12:36:53+09:00,macbook-pro,14インチMacBook Pro [整備済製品] 15コアCPUと16コアGPUを搭載したApple M5 Proチップ、Nano-textureディスプレイ - スペースブラック,478800,G1MLFJ/A,https://www.apple.com/jp/shop/product/g1mlfj/a/14%E3%82%A4%E3%83%B3%E3%83%81MacBook-Pro-%E6%95%B4%E5%82%99%E6%B8%88%E8%A3%BD%E5%93%81-15%E3%82%B3%E3%82%A2CPU%E3%81%A816%E3%82%B3%E3%82%A2GPU%E3%82%92%E6%90%AD%E8%BC%89%E3%81%97%E3%81%9FApple-M5-Pro%E3%83%81%E3%83%83%E3%83%97Nano-texture%E3%83%87%E3%82%A3%E3%82%B9%E3%83%97%E3%83%AC%E3%82%A4-%E3%82%B9%E3%83%9A%E3%83%BC%E3%82%B9%E3%83%96%E3%83%A9%E3%83%83%E3%82%AF?fnode=d8d08b80c84e5188089998ddedf96b015078ecabf9551e7932901242f516a71b56251fa4e9a79aaf4a5bd8a0c5040f6bd993d37eabdc34c10cee412d87cf63f16d4fb7620c6bc47c926a2d49d0caf645
2026-08-01T12:36:53+09:00,macbook-air,13インチMacBook Air [整備済製品] 10コアCPUと10コアGPUを搭載したApple M5チップ - スターライト,496800,G1L51J/A,https://www.apple.com/jp/shop/product/g1l51j/a?fnode=d8d08b80c84e5188089998ddedf96b015078ecabf9551e7932901242f516a71b56251fa4e9a79aaf4a5bd8a0c5040f6bd993d37eabdc34c10cee412d87cf63f16d4fb7620c6bc47c926a2d49d0caf645
2026-08-01T12:36:53+09:00,macbook-air,13インチMacBook Air [整備済製品] 10コアCPUと10コアGPUを搭載したApple M5チップ - ミッドナイト,496800,G1L81J/A,https://www.apple.com/jp/shop/product/g1l81j/a?fnode=d8d08b80c84e5188089998ddedf96b015078ecabf9551e7932901242f516a71b56251fa4e9a79aaf4a5bd8a0c5040f6bd993d37eabdc34c10cee412d87cf63f16d4fb7620c6bc47c926a2d49d0caf645
2026-08-01T12:36:53+09:00,macbook-pro,14インチMacBook Pro [整備済製品] 14コアCPUと32コアGPUを搭載したApple M4 Maxチップ - スペースブラック,506800,FX2K3J/A,https://www.apple.com/jp/shop/product/fx2k3j/a/14%E3%82%A4%E3%83%B3%E3%83%81MacBook-Pro-%E6%95%B4%E5%82%99%E6%B8%88%E8%A3%BD%E5%93%81-14%E3%82%B3%E3%82%A2CPU%E3%81%A832%E3%82%B3%E3%82%A2GPU%E3%82%92%E6%90%AD%E8%BC%89%E3%81%97%E3%81%9FApple-M4-Max%E3%83%81%E3%83%83%E3%83%97-%E3%82%B9%E3%83%9A%E3%83%BC%E3%82%B9%E3%83%96%E3%83%A9%E3%83%83%E3%82%AF?fnode=d8d08b80c84e5188089998ddedf96b015078ecabf9551e7932901242f516a71b56251fa4e9a79aaf4a5bd8a0c5040f6bd993d37eabdc34c10cee412d87cf63f16d4fb7620c6bc47c926a2d49d0caf645
2026-08-01T12:36:53+09:00,macbook-pro,14インチMacBook Pro [整備済製品] 18コアCPUと20コアGPUを搭載したApple M5 Proチップ、Nano-textureディスプレイ - シルバー,508800,G1MH7J/A,https://www.apple.com/jp/shop/product/g1mh7j/a/14%E3%82%A4%E3%83%B3%E3%83%81MacBook-Pro-%E6%95%B4%E5%82%99%E6%B8%88%E8%A3%BD%E5%93%81-18%E3%82%B3%E3%82%A2CPU%E3%81%A820%E3%82%B3%E3%82%A2GPU%E3%82%92%E6%90%AD%E8%BC%89%E3%81%97%E3%81%9FApple-M5-Pro%E3%83%81%E3%83%83%E3%83%97Nano-texture%E3%83%87%E3%82%A3%E3%82%B9%E3%83%97%E3%83%AC%E3%82%A4-%E3%82%B7%E3%83%AB%E3%83%90%E3%83%BC?fnode=d8d08b80c84e5188089998ddedf96b015078ecabf9551e7932901242f516a71b56251fa4e9a79aaf4a5bd8a0c5040f6bd993d37eabdc34c10cee412d87cf63f16d4fb7620c6bc47c926a2d49d0caf645
2026-08-01T12:36:53+09:00,display,Studio Display XDR [整備済製品] - Nano-textureガラス - 傾きと高さを調整できるスタンド,509800,FFEP4J/A,https://www.apple.com/jp/shop/product/ffep4j/a/nano-texture-%E3%82%AC%E3%83%A9%E3%82%B9-%E5%82%BE%E3%81%8D-%E9%AB%98%E3%81%95-%E8%AA%BF%E6%95%B4%E3%81%A7%E3%81%8D%E3%82%8B-%E3%82%B9%E3%82%BF%E3%83%B3%E3%83%89?fnode=d8d08b80c84e5188089998ddedf96b015078ecabf9551e7932901242f516a71b56251fa4e9a79aaf4a5bd8a0c5040f6bd993d37eabdc34c10cee412d87cf63f16d4fb7620c6bc47c926a2d49d0caf645
2026-08-01T12:36:53+09:00,macbook-pro,14インチMacBook Pro [整備済製品] 15コアCPUと16コアGPUを搭載したApple M5 Proチップ - シルバー,531800,G1MHGJ/A,https://www.apple.com/jp/shop/product/g1mhgj/a/14%E3%82%A4%E3%83%B3%E3%83%81MacBook-Pro-%E6%95%B4%E5%82%99%E6%B8%88%E8%A3%BD%E5%93%81-15%E3%82%B3%E3%82%A2CPU%E3%81%A816%E3%82%B3%E3%82%A2GPU%E3%82%92%E6%90%AD%E8%BC%89%E3%81%97%E3%81%9FApple-M5-Pro%E3%83%81%E3%83%83%E3%83%97-%E3%82%B7%E3%83%AB%E3%83%90%E3%83%BC?fnode=d8d08b80c84e5188089998ddedf96b015078ecabf9551e7932901242f516a71b56251fa4e9a79aaf4a5bd8a0c5040f6bd993d37eabdc34c10cee412d87cf63f16d4fb7620c6bc47c926a2d49d0caf645
2026-08-01T12:36:53+09:00,macbook-pro,14インチMacBook Pro [整備済製品] 15コアCPUと16コアGPUを搭載したApple M5 Proチップ - スペースブラック,531800,G1MLGJ/A,https://www.apple.com/jp/shop/product/g1mlgj/a/14%E3%82%A4%E3%83%B3%E3%83%81MacBook-Pro-%E6%95%B4%E5%82%99%E6%B8%88%E8%A3%BD%E5%93%81-15%E3%82%B3%E3%82%A2CPU%E3%81%A816%E3%82%B3%E3%82%A2GPU%E3%82%92%E6%90%AD%E8%BC%89%E3%81%97%E3%81%9FApple-M5-Pro%E3%83%81%E3%83%83%E3%83%97-%E3%82%B9%E3%83%9A%E3%83%BC%E3%82%B9%E3%83%96%E3%83%A9%E3%83%83%E3%82%AF?fnode=d8d08b80c84e5188089998ddedf96b015078ecabf9551e7932901242f516a71b56251fa4e9a79aaf4a5bd8a0c5040f6bd993d37eabdc34c10cee412d87cf63f16d4fb7620c6bc47c926a2d49d0caf645
2026-08-01T12:36:53+09:00,macbook-pro,16インチMacBook Pro [整備済製品] 18コアCPUと20コアGPUを搭載したApple M5 Proチップ - シルバー,533800,FGE64J/A,https://www.apple.com/jp/shop/product/fge64j/a/16%E3%82%A4%E3%83%B3%E3%83%81MacBook-Pro-%E6%95%B4%E5%82%99%E6%B8%88%E8%A3%BD%E5%93%81-18%E3%82%B3%E3%82%A2CPU%E3%81%A820%E3%82%B3%E3%82%A2GPU%E3%82%92%E6%90%AD%E8%BC%89%E3%81%97%E3%81%9FApple-M5-Pro%E3%83%81%E3%83%83%E3%83%97-%E3%82%B7%E3%83%AB%E3%83%90%E3%83%BC?fnode=d8d08b80c84e5188089998ddedf96b015078ecabf9551e7932901242f516a71b56251fa4e9a79aaf4a5bd8a0c5040f6bd993d37eabdc34c10cee412d87cf63f16d4fb7620c6bc47c926a2d49d0caf645
2026-08-01T12:36:53+09:00,macbook-pro,16インチMacBook Pro [整備済製品] 18コアCPUと20コアGPUを搭載したApple M5 Proチップ - スペースブラック,533800,FGEC4J/A,https://www.apple.com/jp/shop/product/fgec4j/a/16%E3%82%A4%E3%83%B3%E3%83%81MacBook-Pro-%E6%95%B4%E5%82%99%E6%B8%88%E8%A3%BD%E5%93%81-18%E3%82%B3%E3%82%A2CPU%E3%81%A820%E3%82%B3%E3%82%A2GPU%E3%82%92%E6%90%AD%E8%BC%89%E3%81%97%E3%81%9FApple-M5-Pro%E3%83%81%E3%83%83%E3%83%97-%E3%82%B9%E3%83%9A%E3%83%BC%E3%82%B9%E3%83%96%E3%83%A9%E3%83%83%E3%82%AF?fnode=d8d08b80c84e5188089998ddedf96b015078ecabf9551e7932901242f516a71b56251fa4e9a79aaf4a5bd8a0c5040f6bd993d37eabdc34c10cee412d87cf63f16d4fb7620c6bc47c926a2d49d0caf645
2026-08-01T12:36:53+09:00,macbook-pro,16インチMacBook Pro [整備済製品] 18コアCPUと20コアGPUを搭載したApple M5 Proチップ、Nano-textureディスプレイ - シルバー,540800,G1MV3J/A,https://www.apple.com/jp/shop/product/g1mv3j/a/16%E3%82%A4%E3%83%B3%E3%83%81MacBook-Pro-%E6%95%B4%E5%82%99%E6%B8%88%E8%A3%BD%E5%93%81-18%E3%82%B3%E3%82%A2CPU%E3%81%A820%E3%82%B3%E3%82%A2GPU%E3%82%92%E6%90%AD%E8%BC%89%E3%81%97%E3%81%9FApple-M5-Pro%E3%83%81%E3%83%83%E3%83%97Nano-texture%E3%83%87%E3%82%A3%E3%82%B9%E3%83%97%E3%83%AC%E3%82%A4-%E3%82%B7%E3%83%AB%E3%83%90%E3%83%BC?fnode=d8d08b80c84e5188089998ddedf96b015078ecabf9551e7932901242f516a71b56251fa4e9a79aaf4a5bd8a0c5040f6bd993d37eabdc34c10cee412d87cf63f16d4fb7620c6bc47c926a2d49d0caf645
2026-08-01T12:36:53+09:00,macbook-pro,16インチMacBook Pro [整備済製品] 14コアCPUと20コアGPUを搭載したApple M4 Proチップ、Nano-textureディスプレイ - シルバー,542800,G1FQBJ/A,https://www.apple.com/jp/shop/product/g1fqbj/a/16%E3%82%A4%E3%83%B3%E3%83%81MacBook-Pro-%E6%95%B4%E5%82%99%E6%B8%88%E8%A3%BD%E5%93%81-14%E3%82%B3%E3%82%A2CPU%E3%81%A820%E3%82%B3%E3%82%A2GPU%E3%82%92%E6%90%AD%E8%BC%89%E3%81%97%E3%81%9FApple-M4-Pro%E3%83%81%E3%83%83%E3%83%97Nano-texture%E3%83%87%E3%82%A3%E3%82%B9%E3%83%97%E3%83%AC%E3%82%A4-%E3%82%B7%E3%83%AB%E3%83%90%E3%83%BC?fnode=d8d08b80c84e5188089998ddedf96b015078ecabf9551e7932901242f516a71b56251fa4e9a79aaf4a5bd8a0c5040f6bd993d37eabdc34c10cee412d87cf63f16d4fb7620c6bc47c926a2d49d0caf645
2026-08-01T12:36:53+09:00,macbook-pro,14インチMacBook Pro [整備済製品] 18コアCPUと20コアGPUを搭載したApple M5 Proチップ - シルバー,546800,G1MH8J/A,https://www.apple.com/jp/shop/product/g1mh8j/a/14%E3%82%A4%E3%83%B3%E3%83%81MacBook-Pro-%E6%95%B4%E5%82%99%E6%B8%88%E8%A3%BD%E5%93%81-18%E3%82%B3%E3%82%A2CPU%E3%81%A820%E3%82%B3%E3%82%A2GPU%E3%82%92%E6%90%AD%E8%BC%89%E3%81%97%E3%81%9FApple-M5-Pro%E3%83%81%E3%83%83%E3%83%97-%E3%82%B7%E3%83%AB%E3%83%90%E3%83%BC?fnode=d8d08b80c84e5188089998ddedf96b015078ecabf9551e7932901242f516a71b56251fa4e9a79aaf4a5bd8a0c5040f6bd993d37eabdc34c10cee412d87cf63f16d4fb7620c6bc47c926a2d49d0caf645
2026-08-01T12:36:53+09:00,macbook-pro,14インチMacBook Pro [整備済製品] 18コアCPUと20コアGPUを搭載したApple M5 Proチップ - スペースブラック,546800,G1ML8J/A,https://www.apple.com/jp/shop/product/g1ml8j/a/14%E3%82%A4%E3%83%B3%E3%83%81MacBook-Pro-%E6%95%B4%E5%82%99%E6%B8%88%E8%A3%BD%E5%93%81-18%E3%82%B3%E3%82%A2CPU%E3%81%A820%E3%82%B3%E3%82%A2GPU%E3%82%92%E6%90%AD%E8%BC%89%E3%81%97%E3%81%9FApple-M5-Pro%E3%83%81%E3%83%83%E3%83%97-%E3%82%B9%E3%83%9A%E3%83%BC%E3%82%B9%E3%83%96%E3%83%A9%E3%83%83%E3%82%AF?fnode=d8d08b80c84e5188089998ddedf96b015078ecabf9551e7932901242f516a71b56251fa4e9a79aaf4a5bd8a0c5040f6bd993d37eabdc34c10cee412d87cf63f16d4fb7620c6bc47c926a2d49d0caf645
2026-08-01T12:36:53+09:00,macbook-pro,14インチMacBook Pro [整備済製品] 10コアCPUと10コアGPUを搭載したApple M5チップ - スペースブラック,547800,G1KK1J/A,https://www.apple.com/jp/shop/product/g1kk1j/a/14%E3%82%A4%E3%83%B3%E3%83%81MacBook-Pro-%E6%95%B4%E5%82%99%E6%B8%88%E8%A3%BD%E5%93%81-10%E3%82%B3%E3%82%A2CPU%E3%81%A810%E3%82%B3%E3%82%A2GPU%E3%82%92%E6%90%AD%E8%BC%89%E3%81%97%E3%81%9FApple-M5%E3%83%81%E3%83%83%E3%83%97-%E3%82%B9%E3%83%9A%E3%83%BC%E3%82%B9%E3%83%96%E3%83%A9%E3%83%83%E3%82%AF?fnode=d8d08b80c84e5188089998ddedf96b015078ecabf9551e7932901242f516a71b56251fa4e9a79aaf4a5bd8a0c5040f6bd993d37eabdc34c10cee412d87cf63f16d4fb7620c6bc47c926a2d49d0caf645
2026-08-01T12:36:53+09:00,macbook-pro,16インチMacBook Pro [整備済製品] 14コアCPUと32コアGPUを搭載したApple M4 Maxチップ - シルバー,549800,FX2V3J/A,https://www.apple.com/jp/shop/product/fx2v3j/a/16%E3%82%A4%E3%83%B3%E3%83%81MacBook-Pro-%E6%95%B4%E5%82%99%E6%B8%88%E8%A3%BD%E5%93%81-14%E3%82%B3%E3%82%A2CPU%E3%81%A832%E3%82%B3%E3%82%A2GPU%E3%82%92%E6%90%AD%E8%BC%89%E3%81%97%E3%81%9FApple-M4-Max%E3%83%81%E3%83%83%E3%83%97-%E3%82%B7%E3%83%AB%E3%83%90%E3%83%BC?fnode=d8d08b80c84e5188089998ddedf96b015078ecabf9551e7932901242f516a71b56251fa4e9a79aaf4a5bd8a0c5040f6bd993d37eabdc34c10cee412d87cf63f16d4fb7620c6bc47c926a2d49d0caf645
2026-08-01T12:36:53+09:00,macbook-pro,16インチMacBook Pro [整備済製品] 14コアCPUと32コアGPUを搭載したApple M4 Maxチップ - スペースブラック,549800,FX303J/A,https://www.apple.com/jp/shop/product/fx303j/a/16%E3%82%A4%E3%83%B3%E3%83%81MacBook-Pro-%E6%95%B4%E5%82%99%E6%B8%88%E8%A3%BD%E5%93%81-14%E3%82%B3%E3%82%A2CPU%E3%81%A832%E3%82%B3%E3%82%A2GPU%E3%82%92%E6%90%AD%E8%BC%89%E3%81%97%E3%81%9FApple-M4-Max%E3%83%81%E3%83%83%E3%83%97-%E3%82%B9%E3%83%9A%E3%83%BC%E3%82%B9%E3%83%96%E3%83%A9%E3%83%83%E3%82%AF?fnode=d8d08b80c84e5188089998ddedf96b015078ecabf9551e7932901242f516a71b56251fa4e9a79aaf4a5bd8a0c5040f6bd993d37eabdc34c10cee412d87cf63f16d4fb7620c6bc47c926a2d49d0caf645
2026-08-01T12:36:53+09:00,macbook-pro,16インチMacBook Pro [整備済製品] 18コアCPUと20コアGPUを搭載したApple M5 Proチップ、Nano-textureディスプレイ - シルバー,556800,G1MW0J/A,https://www.apple.com/jp/shop/product/g1mw0j/a/16%E3%82%A4%E3%83%B3%E3%83%81MacBook-Pro-%E6%95%B4%E5%82%99%E6%B8%88%E8%A3%BD%E5%93%81-18%E3%82%B3%E3%82%A2CPU%E3%81%A820%E3%82%B3%E3%82%A2GPU%E3%82%92%E6%90%AD%E8%BC%89%E3%81%97%E3%81%9FApple-M5-Pro%E3%83%81%E3%83%83%E3%83%97Nano-texture%E3%83%87%E3%82%A3%E3%82%B9%E3%83%97%E3%83%AC%E3%82%A4-%E3%82%B7%E3%83%AB%E3%83%90%E3%83%BC?fnode=d8d08b80c84e5188089998ddedf96b015078ecabf9551e7932901242f516a71b56251fa4e9a79aaf4a5bd8a0c5040f6bd993d37eabdc34c10cee412d87cf63f16d4fb7620c6bc47c926a2d49d0caf645
2026-08-01T12:36:53+09:00,macbook-air,15インチMacBook Air [整備済製品] 10コアCPUと10コアGPUを搭載したApple M5チップ - スカイブルー,561800,G1M24J/A,https://www.apple.com/jp/shop/product/g1m24j/a?fnode=d8d08b80c84e5188089998ddedf96b015078ecabf9551e7932901242f516a71b56251fa4e9a79aaf4a5bd8a0c5040f6bd993d37eabdc34c10cee412d87cf63f16d4fb7620c6bc47c926a2d49d0caf645
2026-08-01T12:36:53+09:00,macbook-pro,14インチMacBook Pro [整備済製品] 18コアCPUと20コアGPUを搭載したApple M5 Proチップ、Nano-textureディスプレイ - シルバー,569800,G1MH9J/A,https://www.apple.com/jp/shop/product/g1mh9j/a/14%E3%82%A4%E3%83%B3%E3%83%81MacBook-Pro-%E6%95%B4%E5%82%99%E6%B8%88%E8%A3%BD%E5%93%81-18%E3%82%B3%E3%82%A2CPU%E3%81%A820%E3%82%B3%E3%82%A2GPU%E3%82%92%E6%90%AD%E8%BC%89%E3%81%97%E3%81%9FApple-M5-Pro%E3%83%81%E3%83%83%E3%83%97Nano-texture%E3%83%87%E3%82%A3%E3%82%B9%E3%83%97%E3%83%AC%E3%82%A4-%E3%82%B7%E3%83%AB%E3%83%90%E3%83%BC?fnode=d8d08b80c84e5188089998ddedf96b015078ecabf9551e7932901242f516a71b56251fa4e9a79aaf4a5bd8a0c5040f6bd993d37eabdc34c10cee412d87cf63f16d4fb7620c6bc47c926a2d49d0caf645
2026-08-01T12:36:53+09:00,macbook-pro,14インチMacBook Pro [整備済製品] 18コアCPUと20コアGPUを搭載したApple M5 Proチップ、Nano-textureディスプレイ - スペースブラック,569800,G1ML9J/A,https://www.apple.com/jp/shop/product/g1ml9j/a/14%E3%82%A4%E3%83%B3%E3%83%81MacBook-Pro-%E6%95%B4%E5%82%99%E6%B8%88%E8%A3%BD%E5%93%81-18%E3%82%B3%E3%82%A2CPU%E3%81%A820%E3%82%B3%E3%82%A2GPU%E3%82%92%E6%90%AD%E8%BC%89%E3%81%97%E3%81%9FApple-M5-Pro%E3%83%81%E3%83%83%E3%83%97Nano-texture%E3%83%87%E3%82%A3%E3%82%B9%E3%83%97%E3%83%AC%E3%82%A4-%E3%82%B9%E3%83%9A%E3%83%BC%E3%82%B9%E3%83%96%E3%83%A9%E3%83%83%E3%82%AF?fnode=d8d08b80c84e5188089998ddedf96b015078ecabf9551e7932901242f516a71b56251fa4e9a79aaf4a5bd8a0c5040f6bd993d37eabdc34c10cee412d87cf63f16d4fb7620c6bc47c926a2d49d0caf645
2026-08-01T12:36:53+09:00,macbook-pro,14インチMacBook Pro [整備済製品] 14コアCPUと20コアGPUを搭載したApple M4 Proチップ、Nano-textureディスプレイ - スペースブラック,570800,G1FF9J/A,https://www.apple.com/jp/shop/product/g1ff9j/a/14%E3%82%A4%E3%83%B3%E3%83%81MacBook-Pro-%E6%95%B4%E5%82%99%E6%B8%88%E8%A3%BD%E5%93%81-14%E3%82%B3%E3%82%A2CPU%E3%81%A820%E3%82%B3%E3%82%A2GPU%E3%82%92%E6%90%AD%E8%BC%89%E3%81%97%E3%81%9FApple-M4-Pro%E3%83%81%E3%83%83%E3%83%97Nano-texture%E3%83%87%E3%82%A3%E3%82%B9%E3%83%97%E3%83%AC%E3%82%A4-%E3%82%B9%E3%83%9A%E3%83%BC%E3%82%B9%E3%83%96%E3%83%A9%E3%83%83%E3%82%AF?fnode=d8d08b80c84e5188089998ddedf96b015078ecabf9551e7932901242f516a71b56251fa4e9a79aaf4a5bd8a0c5040f6bd993d37eabdc34c10cee412d87cf63f16d4fb7620c6bc47c926a2d49d0caf645
2026-08-01T12:36:53+09:00,macbook-pro,16インチMacBook Pro [整備済製品] 14コアCPUと32コアGPUを搭載したApple M4 Maxチップ、Nano-textureディスプレイ - シルバー,572800,G1FR3J/A,https://www.apple.com/jp/shop/product/g1fr3j/a/16%E3%82%A4%E3%83%B3%E3%83%81MacBook-Pro-%E6%95%B4%E5%82%99%E6%B8%88%E8%A3%BD%E5%93%81-14%E3%82%B3%E3%82%A2CPU%E3%81%A832%E3%82%B3%E3%82%A2GPU%E3%82%92%E6%90%AD%E8%BC%89%E3%81%97%E3%81%9FApple-M4-Max%E3%83%81%E3%83%83%E3%83%97Nano-texture%E3%83%87%E3%82%A3%E3%82%B9%E3%83%97%E3%83%AC%E3%82%A4-%E3%82%B7%E3%83%AB%E3%83%90%E3%83%BC?fnode=d8d08b80c84e5188089998ddedf96b015078ecabf9551e7932901242f516a71b56251fa4e9a79aaf4a5bd8a0c5040f6bd993d37eabdc34c10cee412d87cf63f16d4fb7620c6bc47c926a2d49d0caf645
2026-08-01T12:36:53+09:00,macbook-pro,14インチMacBook Pro [整備済製品] 18コアCPUと20コアGPUを搭載したApple M5 Proチップ、Nano-textureディスプレイ - スペースブラック,581800,G1MM3J/A,https://www.apple.com/jp/shop/product/g1mm3j/a/14%E3%82%A4%E3%83%B3%E3%83%81MacBook-Pro-%E6%95%B4%E5%82%99%E6%B8%88%E8%A3%BD%E5%93%81-18%E3%82%B3%E3%82%A2CPU%E3%81%A820%E3%82%B3%E3%82%A2GPU%E3%82%92%E6%90%AD%E8%BC%89%E3%81%97%E3%81%9FApple-M5-Pro%E3%83%81%E3%83%83%E3%83%97Nano-texture%E3%83%87%E3%82%A3%E3%82%B9%E3%83%97%E3%83%AC%E3%82%A4-%E3%82%B9%E3%83%9A%E3%83%BC%E3%82%B9%E3%83%96%E3%83%A9%E3%83%83%E3%82%AF?fnode=d8d08b80c84e5188089998ddedf96b015078ecabf9551e7932901242f516a71b56251fa4e9a79aaf4a5bd8a0c5040f6bd993d37eabdc34c10cee412d87cf63f16d4fb7620c6bc47c926a2d49d0caf645
2026-08-01T12:36:53+09:00,macbook-pro,14インチMacBook Pro [整備済製品] 18コアCPUと32コアGPUを搭載したApple M5 Maxチップ - シルバー,593800,FGDQ4J/A,https://www.apple.com/jp/shop/product/fgdq4j/a/14%E3%82%A4%E3%83%B3%E3%83%81MacBook-Pro-%E6%95%B4%E5%82%99%E6%B8%88%E8%A3%BD%E5%93%81-18%E3%82%B3%E3%82%A2CPU%E3%81%A832%E3%82%B3%E3%82%A2GPU%E3%82%92%E6%90%AD%E8%BC%89%E3%81%97%E3%81%9FApple-M5-Max%E3%83%81%E3%83%83%E3%83%97-%E3%82%B7%E3%83%AB%E3%83%90%E3%83%BC?fnode=d8d08b80c84e5188089998ddedf96b015078ecabf9551e7932901242f516a71b56251fa4e9a79aaf4a5bd8a0c5040f6bd993d37eabdc34c10cee412d87cf63f16d4fb7620c6bc47c926a2d49d0caf645
2026-08-01T12:36:53+09:00,macbook-pro,14インチMacBook Pro [整備済製品] 18コアCPUと32コアGPUを搭載したApple M5 Maxチップ - スペースブラック,593800,FGDU4J/A,https://www.apple.com/jp/shop/product/fgdu4j/a/14%E3%82%A4%E3%83%B3%E3%83%81MacBook-Pro-%E6%95%B4%E5%82%99%E6%B8%88%E8%A3%BD%E5%93%81-18%E3%82%B3%E3%82%A2CPU%E3%81%A832%E3%82%B3%E3%82%A2GPU%E3%82%92%E6%90%AD%E8%BC%89%E3%81%97%E3%81%9FApple-M5-Max%E3%83%81%E3%83%83%E3%83%97-%E3%82%B9%E3%83%9A%E3%83%BC%E3%82%B9%E3%83%96%E3%83%A9%E3%83%83%E3%82%AF?fnode=d8d08b80c84e5188089998ddedf96b015078ecabf9551e7932901242f516a71b56251fa4e9a79aaf4a5bd8a0c5040f6bd993d37eabdc34c10cee412d87cf63f16d4fb7620c6bc47c926a2d49d0caf645
2026-08-01T12:36:53+09:00,macbook-pro,16インチMacBook Pro [整備済製品] 18コアCPUと20コアGPUを搭載したApple M5 Proチップ - シルバー,594800,G1MW2J/A,https://www.apple.com/jp/shop/product/g1mw2j/a/16%E3%82%A4%E3%83%B3%E3%83%81MacBook-Pro-%E6%95%B4%E5%82%99%E6%B8%88%E8%A3%BD%E5%93%81-18%E3%82%B3%E3%82%A2CPU%E3%81%A820%E3%82%B3%E3%82%A2GPU%E3%82%92%E6%90%AD%E8%BC%89%E3%81%97%E3%81%9FApple-M5-Pro%E3%83%81%E3%83%83%E3%83%97-%E3%82%B7%E3%83%AB%E3%83%90%E3%83%BC?fnode=d8d08b80c84e5188089998ddedf96b015078ecabf9551e7932901242f516a71b56251fa4e9a79aaf4a5bd8a0c5040f6bd993d37eabdc34c10cee412d87cf63f16d4fb7620c6bc47c926a2d49d0caf645
2026-08-01T12:36:53+09:00,macbook-pro,16インチMacBook Pro [整備済製品] 18コアCPUと20コアGPUを搭載したApple M5 Proチップ - スペースブラック,594800,G1N02J/A,https://www.apple.com/jp/shop/product/g1n02j/a/16%E3%82%A4%E3%83%B3%E3%83%81MacBook-Pro-%E6%95%B4%E5%82%99%E6%B8%88%E8%A3%BD%E5%93%81-18%E3%82%B3%E3%82%A2CPU%E3%81%A820%E3%82%B3%E3%82%A2GPU%E3%82%92%E6%90%AD%E8%BC%89%E3%81%97%E3%81%9FApple-M5-Pro%E3%83%81%E3%83%83%E3%83%97-%E3%82%B9%E3%83%9A%E3%83%BC%E3%82%B9%E3%83%96%E3%83%A9%E3%83%83%E3%82%AF?fnode=d8d08b80c84e5188089998ddedf96b015078ecabf9551e7932901242f516a71b56251fa4e9a79aaf4a5bd8a0c5040f6bd993d37eabdc34c10cee412d87cf63f16d4fb7620c6bc47c926a2d49d0caf645
2026-08-01T12:36:53+09:00,macbook-pro,16インチMacBook Pro [整備済製品] 18コアCPUと20コアGPUを搭載したApple M5 Proチップ - スペースブラック,609800,G1N01J/A,https://www.apple.com/jp/shop/product/g1n01j/a/16%E3%82%A4%E3%83%B3%E3%83%81MacBook-Pro-%E6%95%B4%E5%82%99%E6%B8%88%E8%A3%BD%E5%93%81-18%E3%82%B3%E3%82%A2CPU%E3%81%A820%E3%82%B3%E3%82%A2GPU%E3%82%92%E6%90%AD%E8%BC%89%E3%81%97%E3%81%9FApple-M5-Pro%E3%83%81%E3%83%83%E3%83%97-%E3%82%B9%E3%83%9A%E3%83%BC%E3%82%B9%E3%83%96%E3%83%A9%E3%83%83%E3%82%AF?fnode=d8d08b80c84e5188089998ddedf96b015078ecabf9551e7932901242f516a71b56251fa4e9a79aaf4a5bd8a0c5040f6bd993d37eabdc34c10cee412d87cf63f16d4fb7620c6bc47c926a2d49d0caf645
2026-08-01T12:36:53+09:00,macbook-pro,16インチMacBook Pro [整備済製品] 18コアCPUと20コアGPUを搭載したApple M5 Proチップ、Nano-textureディスプレイ - シルバー,617800,G1MW7J/A,https://www.apple.com/jp/shop/product/g1mw7j/a/16%E3%82%A4%E3%83%B3%E3%83%81MacBook-Pro-%E6%95%B4%E5%82%99%E6%B8%88%E8%A3%BD%E5%93%81-18%E3%82%B3%E3%82%A2CPU%E3%81%A820%E3%82%B3%E3%82%A2GPU%E3%82%92%E6%90%AD%E8%BC%89%E3%81%97%E3%81%9FApple-M5-Pro%E3%83%81%E3%83%83%E3%83%97Nano-texture%E3%83%87%E3%82%A3%E3%82%B9%E3%83%97%E3%83%AC%E3%82%A4-%E3%82%B7%E3%83%AB%E3%83%90%E3%83%BC?fnode=d8d08b80c84e5188089998ddedf96b015078ecabf9551e7932901242f516a71b56251fa4e9a79aaf4a5bd8a0c5040f6bd993d37eabdc34c10cee412d87cf63f16d4fb7620c6bc47c926a2d49d0caf645
2026-08-01T12:36:53+09:00,macbook-pro,14インチMacBook Pro [整備済製品] 18コアCPUと20コアGPUを搭載したApple M5 Proチップ - スペースブラック,619800,G1MM6J/A,https://www.apple.com/jp/shop/product/g1mm6j/a/14%E3%82%A4%E3%83%B3%E3%83%81MacBook-Pro-%E6%95%B4%E5%82%99%E6%B8%88%E8%A3%BD%E5%93%81-18%E3%82%B3%E3%82%A2CPU%E3%81%A820%E3%82%B3%E3%82%A2GPU%E3%82%92%E6%90%AD%E8%BC%89%E3%81%97%E3%81%9FApple-M5-Pro%E3%83%81%E3%83%83%E3%83%97-%E3%82%B9%E3%83%9A%E3%83%BC%E3%82%B9%E3%83%96%E3%83%A9%E3%83%83%E3%82%AF?fnode=d8d08b80c84e5188089998ddedf96b015078ecabf9551e7932901242f516a71b56251fa4e9a79aaf4a5bd8a0c5040f6bd993d37eabdc34c10cee412d87cf63f16d4fb7620c6bc47c926a2d49d0caf645
2026-08-01T12:36:53+09:00,macbook-pro,16インチMacBook Pro [整備済製品] 18コアCPUと20コアGPUを搭載したApple M5 Proチップ、Nano-textureディスプレイ - スペースブラック,632800,G1N05J/A,https://www.apple.com/jp/shop/product/g1n05j/a/16%E3%82%A4%E3%83%B3%E3%83%81MacBook-Pro-%E6%95%B4%E5%82%99%E6%B8%88%E8%A3%BD%E5%93%81-18%E3%82%B3%E3%82%A2CPU%E3%81%A820%E3%82%B3%E3%82%A2GPU%E3%82%92%E6%90%AD%E8%BC%89%E3%81%97%E3%81%9FApple-M5-Pro%E3%83%81%E3%83%83%E3%83%97Nano-texture%E3%83%87%E3%82%A3%E3%82%B9%E3%83%97%E3%83%AC%E3%82%A4-%E3%82%B9%E3%83%9A%E3%83%BC%E3%82%B9%E3%83%96%E3%83%A9%E3%83%83%E3%82%AF?fnode=d8d08b80c84e5188089998ddedf96b015078ecabf9551e7932901242f516a71b56251fa4e9a79aaf4a5bd8a0c5040f6bd993d37eabdc34c10cee412d87cf63f16d4fb7620c6bc47c926a2d49d0caf645
2026-08-01T12:36:53+09:00,macbook-pro,16インチMacBook Pro [整備済製品] 16コアCPUと40コアGPUを搭載したApple M4 Maxチップ - シルバー,635800,FX2W3J/A,https://www.apple.com/jp/shop/product/fx2w3j/a/16%E3%82%A4%E3%83%B3%E3%83%81MacBook-Pro-%E6%95%B4%E5%82%99%E6%B8%88%E8%A3%BD%E5%93%81-16%E3%82%B3%E3%82%A2CPU%E3%81%A840%E3%82%B3%E3%82%A2GPU%E3%82%92%E6%90%AD%E8%BC%89%E3%81%97%E3%81%9FApple-M4-Max%E3%83%81%E3%83%83%E3%83%97-%E3%82%B7%E3%83%AB%E3%83%90%E3%83%BC?fnode=d8d08b80c84e5188089998ddedf96b015078ecabf9551e7932901242f516a71b56251fa4e9a79aaf4a5bd8a0c5040f6bd993d37eabdc34c10cee412d87cf63f16d4fb7620c6bc47c926a2d49d0caf645
2026-08-01T12:36:53+09:00,macbook-pro,16インチMacBook Pro [整備済製品] 16コアCPUと40コアGPUを搭載したApple M4 Maxチップ - スペースブラック,635800,FX313J/A,https://www.apple.com/jp/shop/product/fx313j/a/16%E3%82%A4%E3%83%B3%E3%83%81MacBook-Pro-%E6%95%B4%E5%82%99%E6%B8%88%E8%A3%BD%E5%93%81-16%E3%82%B3%E3%82%A2CPU%E3%81%A840%E3%82%B3%E3%82%A2GPU%E3%82%92%E6%90%AD%E8%BC%89%E3%81%97%E3%81%9FApple-M4-Max%E3%83%81%E3%83%83%E3%83%97-%E3%82%B9%E3%83%9A%E3%83%BC%E3%82%B9%E3%83%96%E3%83%A9%E3%83%83%E3%82%AF?fnode=d8d08b80c84e5188089998ddedf96b015078ecabf9551e7932901242f516a71b56251fa4e9a79aaf4a5bd8a0c5040f6bd993d37eabdc34c10cee412d87cf63f16d4fb7620c6bc47c926a2d49d0caf645
2026-08-01T12:36:53+09:00,macbook-pro,16インチMacBook Pro [整備済製品] 18コアCPUと32コアGPUを搭載したApple M5 Maxチップ - シルバー,636800,FGE74J/A,https://www.apple.com/jp/shop/product/fge74j/a/16%E3%82%A4%E3%83%B3%E3%83%81MacBook-Pro-%E6%95%B4%E5%82%99%E6%B8%88%E8%A3%BD%E5%93%81-18%E3%82%B3%E3%82%A2CPU%E3%81%A832%E3%82%B3%E3%82%A2GPU%E3%82%92%E6%90%AD%E8%BC%89%E3%81%97%E3%81%9FApple-M5-Max%E3%83%81%E3%83%83%E3%83%97-%E3%82%B7%E3%83%AB%E3%83%90%E3%83%BC?fnode=d8d08b80c84e5188089998ddedf96b015078ecabf9551e7932901242f516a71b56251fa4e9a79aaf4a5bd8a0c5040f6bd993d37eabdc34c10cee412d87cf63f16d4fb7620c6bc47c926a2d49d0caf645
2026-08-01T12:36:53+09:00,macbook-pro,16インチMacBook Pro [整備済製品] 18コアCPUと32コアGPUを搭載したApple M5 Maxチップ - スペースブラック,636800,FGED4J/A,https://www.apple.com/jp/shop/product/fged4j/a/16%E3%82%A4%E3%83%B3%E3%83%81MacBook-Pro-%E6%95%B4%E5%82%99%E6%B8%88%E8%A3%BD%E5%93%81-18%E3%82%B3%E3%82%A2CPU%E3%81%A832%E3%82%B3%E3%82%A2GPU%E3%82%92%E6%90%AD%E8%BC%89%E3%81%97%E3%81%9FApple-M5-Max%E3%83%81%E3%83%83%E3%83%97-%E3%82%B9%E3%83%9A%E3%83%BC%E3%82%B9%E3%83%96%E3%83%A9%E3%83%83%E3%82%AF?fnode=d8d08b80c84e5188089998ddedf96b015078ecabf9551e7932901242f516a71b56251fa4e9a79aaf4a5bd8a0c5040f6bd993d37eabdc34c10cee412d87cf63f16d4fb7620c6bc47c926a2d49d0caf645
2026-08-01T12:36:53+09:00,macbook-pro,16インチMacBook Pro [整備済製品] 14コアCPUと32コアGPUを搭載したApple M4 Maxチップ、Nano-textureディスプレイ - スペースブラック,648800,G1FV4J/A,https://www.apple.com/jp/shop/product/g1fv4j/a/16%E3%82%A4%E3%83%B3%E3%83%81MacBook-Pro-%E6%95%B4%E5%82%99%E6%B8%88%E8%A3%BD%E5%93%81-14%E3%82%B3%E3%82%A2CPU%E3%81%A832%E3%82%B3%E3%82%A2GPU%E3%82%92%E6%90%AD%E8%BC%89%E3%81%97%E3%81%9FApple-M4-Max%E3%83%81%E3%83%83%E3%83%97Nano-texture%E3%83%87%E3%82%A3%E3%82%B9%E3%83%97%E3%83%AC%E3%82%A4-%E3%82%B9%E3%83%9A%E3%83%BC%E3%82%B9%E3%83%96%E3%83%A9%E3%83%83%E3%82%AF?fnode=d8d08b80c84e5188089998ddedf96b015078ecabf9551e7932901242f516a71b56251fa4e9a79aaf4a5bd8a0c5040f6bd993d37eabdc34c10cee412d87cf63f16d4fb7620c6bc47c926a2d49d0caf645
2026-08-01T12:36:53+09:00,macbook-pro,16インチMacBook Pro [整備済製品] 18コアCPUと32コアGPUを搭載したApple M5 Maxチップ、Nano-textureディスプレイ - シルバー,659800,G1MX0J/A,https://www.apple.com/jp/shop/product/g1mx0j/a/16%E3%82%A4%E3%83%B3%E3%83%81MacBook-Pro-%E6%95%B4%E5%82%99%E6%B8%88%E8%A3%BD%E5%93%81-18%E3%82%B3%E3%82%A2CPU%E3%81%A832%E3%82%B3%E3%82%A2GPU%E3%82%92%E6%90%AD%E8%BC%89%E3%81%97%E3%81%9FApple-M5-Max%E3%83%81%E3%83%83%E3%83%97Nano-texture%E3%83%87%E3%82%A3%E3%82%B9%E3%83%97%E3%83%AC%E3%82%A4-%E3%82%B7%E3%83%AB%E3%83%90%E3%83%BC?fnode=d8d08b80c84e5188089998ddedf96b015078ecabf9551e7932901242f516a71b56251fa4e9a79aaf4a5bd8a0c5040f6bd993d37eabdc34c10cee412d87cf63f16d4fb7620c6bc47c926a2d49d0caf645
2026-08-01T12:36:53+09:00,macbook-pro,16インチMacBook Pro [整備済製品] 18コアCPUと32コアGPUを搭載したApple M5 Maxチップ、Nano-textureディスプレイ - スペースブラック,659800,G1N10J/A,https://www.apple.com/jp/shop/product/g1n10j/a/16%E3%82%A4%E3%83%B3%E3%83%81MacBook-Pro-%E6%95%B4%E5%82%99%E6%B8%88%E8%A3%BD%E5%93%81-18%E3%82%B3%E3%82%A2CPU%E3%81%A832%E3%82%B3%E3%82%A2GPU%E3%82%92%E6%90%AD%E8%BC%89%E3%81%97%E3%81%9FApple-M5-Max%E3%83%81%E3%83%83%E3%83%97Nano-texture%E3%83%87%E3%82%A3%E3%82%B9%E3%83%97%E3%83%AC%E3%82%A4-%E3%82%B9%E3%83%9A%E3%83%BC%E3%82%B9%E3%83%96%E3%83%A9%E3%83%83%E3%82%AF?fnode=d8d08b80c84e5188089998ddedf96b015078ecabf9551e7932901242f516a71b56251fa4e9a79aaf4a5bd8a0c5040f6bd993d37eabdc34c10cee412d87cf63f16d4fb7620c6bc47c926a2d49d0caf645
2026-08-01T12:36:53+09:00,macbook-pro,16インチMacBook Pro [整備済製品] 18コアCPUと20コアGPUを搭載したApple M5 Proチップ - シルバー,670800,G1MW3J/A,https://www.apple.com/jp/shop/product/g1mw3j/a/16%E3%82%A4%E3%83%B3%E3%83%81MacBook-Pro-%E6%95%B4%E5%82%99%E6%B8%88%E8%A3%BD%E5%93%81-18%E3%82%B3%E3%82%A2CPU%E3%81%A820%E3%82%B3%E3%82%A2GPU%E3%82%92%E6%90%AD%E8%BC%89%E3%81%97%E3%81%9FApple-M5-Pro%E3%83%81%E3%83%83%E3%83%97-%E3%82%B7%E3%83%AB%E3%83%90%E3%83%BC?fnode=d8d08b80c84e5188089998ddedf96b015078ecabf9551e7932901242f516a71b56251fa4e9a79aaf4a5bd8a0c5040f6bd993d37eabdc34c10cee412d87cf63f16d4fb7620c6bc47c926a2d49d0caf645
2026-08-01T12:36:53+09:00,macbook-pro,16インチMacBook Pro [整備済製品] 18コアCPUと20コアGPUを搭載したApple M5 Proチップ - スペースブラック,670800,G1N03J/A,https://www.apple.com/jp/shop/product/g1n03j/a/16%E3%82%A4%E3%83%B3%E3%83%81MacBook-Pro-%E6%95%B4%E5%82%99%E6%B8%88%E8%A3%BD%E5%93%81-18%E3%82%B3%E3%82%A2CPU%E3%81%A820%E3%82%B3%E3%82%A2GPU%E3%82%92%E6%90%AD%E8%BC%89%E3%81%97%E3%81%9FApple-M5-Pro%E3%83%81%E3%83%83%E3%83%97-%E3%82%B9%E3%83%9A%E3%83%BC%E3%82%B9%E3%83%96%E3%83%A9%E3%83%83%E3%82%AF?fnode=d8d08b80c84e5188089998ddedf96b015078ecabf9551e7932901242f516a71b56251fa4e9a79aaf4a5bd8a0c5040f6bd993d37eabdc34c10cee412d87cf63f16d4fb7620c6bc47c926a2d49d0caf645
2026-08-01T12:36:53+09:00,macbook-pro,14インチMacBook Pro [整備済製品] 18コアCPUと40コアGPUを搭載したApple M5 Maxチップ - シルバー,685800,G1MKEJ/A,https://www.apple.com/jp/shop/product/g1mkej/a/14%E3%82%A4%E3%83%B3%E3%83%81MacBook-Pro-%E6%95%B4%E5%82%99%E6%B8%88%E8%A3%BD%E5%93%81-18%E3%82%B3%E3%82%A2CPU%E3%81%A840%E3%82%B3%E3%82%A2GPU%E3%82%92%E6%90%AD%E8%BC%89%E3%81%97%E3%81%9FApple-M5-Max%E3%83%81%E3%83%83%E3%83%97-%E3%82%B7%E3%83%AB%E3%83%90%E3%83%BC?fnode=d8d08b80c84e5188089998ddedf96b015078ecabf9551e7932901242f516a71b56251fa4e9a79aaf4a5bd8a0c5040f6bd993d37eabdc34c10cee412d87cf63f16d4fb7620c6bc47c926a2d49d0caf645
2026-08-01T12:36:53+09:00,macbook-pro,14インチMacBook Pro [整備済製品] 18コアCPUと40コアGPUを搭載したApple M5 Maxチップ - スペースブラック,685800,G1MNEJ/A,https://www.apple.com/jp/shop/product/g1mnej/a/14%E3%82%A4%E3%83%B3%E3%83%81MacBook-Pro-%E6%95%B4%E5%82%99%E6%B8%88%E8%A3%BD%E5%93%81-18%E3%82%B3%E3%82%A2CPU%E3%81%A840%E3%82%B3%E3%82%A2GPU%E3%82%92%E6%90%AD%E8%BC%89%E3%81%97%E3%81%9FApple-M5-Max%E3%83%81%E3%83%83%E3%83%97-%E3%82%B9%E3%83%9A%E3%83%BC%E3%82%B9%E3%83%96%E3%83%A9%E3%83%83%E3%82%AF?fnode=d8d08b80c84e5188089998ddedf96b015078ecabf9551e7932901242f516a71b56251fa4e9a79aaf4a5bd8a0c5040f6bd993d37eabdc34c10cee412d87cf63f16d4fb7620c6bc47c926a2d49d0caf645
2026-08-01T12:36:53+09:00,macbook-pro,16インチMacBook Pro [整備済製品] 18コアCPUと20コアGPUを搭載したApple M5 Proチップ、Nano-textureディスプレイ - シルバー,693800,G1MW8J/A,https://www.apple.com/jp/shop/product/g1mw8j/a/16%E3%82%A4%E3%83%B3%E3%83%81MacBook-Pro-%E6%95%B4%E5%82%99%E6%B8%88%E8%A3%BD%E5%93%81-18%E3%82%B3%E3%82%A2CPU%E3%81%A820%E3%82%B3%E3%82%A2GPU%E3%82%92%E6%90%AD%E8%BC%89%E3%81%97%E3%81%9FApple-M5-Pro%E3%83%81%E3%83%83%E3%83%97Nano-texture%E3%83%87%E3%82%A3%E3%82%B9%E3%83%97%E3%83%AC%E3%82%A4-%E3%82%B7%E3%83%AB%E3%83%90%E3%83%BC?fnode=d8d08b80c84e5188089998ddedf96b015078ecabf9551e7932901242f516a71b56251fa4e9a79aaf4a5bd8a0c5040f6bd993d37eabdc34c10cee412d87cf63f16d4fb7620c6bc47c926a2d49d0caf645
2026-08-01T12:36:53+09:00,macbook-pro,16インチMacBook Pro [整備済製品] 18コアCPUと20コアGPUを搭載したApple M5 Proチップ、Nano-textureディスプレイ - スペースブラック,693800,G1N08J/A,https://www.apple.com/jp/shop/product/g1n08j/a/16%E3%82%A4%E3%83%B3%E3%83%81MacBook-Pro-%E6%95%B4%E5%82%99%E6%B8%88%E8%A3%BD%E5%93%81-18%E3%82%B3%E3%82%A2CPU%E3%81%A820%E3%82%B3%E3%82%A2GPU%E3%82%92%E6%90%AD%E8%BC%89%E3%81%97%E3%81%9FApple-M5-Pro%E3%83%81%E3%83%83%E3%83%97Nano-texture%E3%83%87%E3%82%A3%E3%82%B9%E3%83%97%E3%83%AC%E3%82%A4-%E3%82%B9%E3%83%9A%E3%83%BC%E3%82%B9%E3%83%96%E3%83%A9%E3%83%83%E3%82%AF?fnode=d8d08b80c84e5188089998ddedf96b015078ecabf9551e7932901242f516a71b56251fa4e9a79aaf4a5bd8a0c5040f6bd993d37eabdc34c10cee412d87cf63f16d4fb7620c6bc47c926a2d49d0caf645
2026-08-01T12:36:53+09:00,macbook-pro,14インチMacBook Pro [整備済製品] 18コアCPUと40コアGPUを搭載したApple M5 Maxチップ、Nano-textureディスプレイ - スペースブラック,708800,G1MNFJ/A,https://www.apple.com/jp/shop/product/g1mnfj/a/14%E3%82%A4%E3%83%B3%E3%83%81MacBook-Pro-%E6%95%B4%E5%82%99%E6%B8%88%E8%A3%BD%E5%93%81-18%E3%82%B3%E3%82%A2CPU%E3%81%A840%E3%82%B3%E3%82%A2GPU%E3%82%92%E6%90%AD%E8%BC%89%E3%81%97%E3%81%9FApple-M5-Max%E3%83%81%E3%83%83%E3%83%97Nano-texture%E3%83%87%E3%82%A3%E3%82%B9%E3%83%97%E3%83%AC%E3%82%A4-%E3%82%B9%E3%83%9A%E3%83%BC%E3%82%B9%E3%83%96%E3%83%A9%E3%83%83%E3%82%AF?fnode=d8d08b80c84e5188089998ddedf96b015078ecabf9551e7932901242f516a71b56251fa4e9a79aaf4a5bd8a0c5040f6bd993d37eabdc34c10cee412d87cf63f16d4fb7620c6bc47c926a2d49d0caf645
2026-08-01T12:36:53+09:00,macbook-pro,16インチMacBook Pro [整備済製品] 18コアCPUと40コアGPUを搭載したApple M5 Maxチップ - シルバー,721800,FGE94J/A,https://www.apple.com/jp/shop/product/fge94j/a/16%E3%82%A4%E3%83%B3%E3%83%81MacBook-Pro-%E6%95%B4%E5%82%99%E6%B8%88%E8%A3%BD%E5%93%81-18%E3%82%B3%E3%82%A2CPU%E3%81%A840%E3%82%B3%E3%82%A2GPU%E3%82%92%E6%90%AD%E8%BC%89%E3%81%97%E3%81%9FApple-M5-Max%E3%83%81%E3%83%83%E3%83%97-%E3%82%B7%E3%83%AB%E3%83%90%E3%83%BC?fnode=d8d08b80c84e5188089998ddedf96b015078ecabf9551e7932901242f516a71b56251fa4e9a79aaf4a5bd8a0c5040f6bd993d37eabdc34c10cee412d87cf63f16d4fb7620c6bc47c926a2d49d0caf645
2026-08-01T12:36:53+09:00,macbook-pro,16インチMacBook Pro [整備済製品] 18コアCPUと40コアGPUを搭載したApple M5 Maxチップ - スペースブラック,721800,FGEE4J/A,https://www.apple.com/jp/shop/product/fgee4j/a/16%E3%82%A4%E3%83%B3%E3%83%81MacBook-Pro-%E6%95%B4%E5%82%99%E6%B8%88%E8%A3%BD%E5%93%81-18%E3%82%B3%E3%82%A2CPU%E3%81%A840%E3%82%B3%E3%82%A2GPU%E3%82%92%E6%90%AD%E8%BC%89%E3%81%97%E3%81%9FApple-M5-Max%E3%83%81%E3%83%83%E3%83%97-%E3%82%B9%E3%83%9A%E3%83%BC%E3%82%B9%E3%83%96%E3%83%A9%E3%83%83%E3%82%AF?fnode=d8d08b80c84e5188089998ddedf96b015078ecabf9551e7932901242f516a71b56251fa4e9a79aaf4a5bd8a0c5040f6bd993d37eabdc34c10cee412d87cf63f16d4fb7620c6bc47c926a2d49d0caf645
2026-08-01T12:36:53+09:00,macbook-pro,14インチMacBook Pro [整備済製品] 18コアCPUと40コアGPUを搭載したApple M5 Maxチップ - シルバー,746800,G1MK1J/A,https://www.apple.com/jp/shop/product/g1mk1j/a/14%E3%82%A4%E3%83%B3%E3%83%81MacBook-Pro-%E6%95%B4%E5%82%99%E6%B8%88%E8%A3%BD%E5%93%81-18%E3%82%B3%E3%82%A2CPU%E3%81%A840%E3%82%B3%E3%82%A2GPU%E3%82%92%E6%90%AD%E8%BC%89%E3%81%97%E3%81%9FApple-M5-Max%E3%83%81%E3%83%83%E3%83%97-%E3%82%B7%E3%83%AB%E3%83%90%E3%83%BC?fnode=d8d08b80c84e5188089998ddedf96b015078ecabf9551e7932901242f516a71b56251fa4e9a79aaf4a5bd8a0c5040f6bd993d37eabdc34c10cee412d87cf63f16d4fb7620c6bc47c926a2d49d0caf645
2026-08-01T12:36:53+09:00,macbook-pro,14インチMacBook Pro [整備済製品] 18コアCPUと32コアGPUを搭載したApple M5 Maxチップ - シルバー,746800,G1MKAJ/A,https://www.apple.com/jp/shop/product/g1mkaj/a/14%E3%82%A4%E3%83%B3%E3%83%81MacBook-Pro-%E6%95%B4%E5%82%99%E6%B8%88%E8%A3%BD%E5%93%81-18%E3%82%B3%E3%82%A2CPU%E3%81%A832%E3%82%B3%E3%82%A2GPU%E3%82%92%E6%90%AD%E8%BC%89%E3%81%97%E3%81%9FApple-M5-Max%E3%83%81%E3%83%83%E3%83%97-%E3%82%B7%E3%83%AB%E3%83%90%E3%83%BC?fnode=d8d08b80c84e5188089998ddedf96b015078ecabf9551e7932901242f516a71b56251fa4e9a79aaf4a5bd8a0c5040f6bd993d37eabdc34c10cee412d87cf63f16d4fb7620c6bc47c926a2d49d0caf645
2026-08-01T12:36:53+09:00,macbook-pro,14インチMacBook Pro [整備済製品] 18コアCPUと40コアGPUを搭載したApple M5 Maxチップ - スペースブラック,746800,G1MN1J/A,https://www.apple.com/jp/shop/product/g1mn1j/a/14%E3%82%A4%E3%83%B3%E3%83%81MacBook-Pro-%E6%95%B4%E5%82%99%E6%B8%88%E8%A3%BD%E5%93%81-18%E3%82%B3%E3%82%A2CPU%E3%81%A840%E3%82%B3%E3%82%A2GPU%E3%82%92%E6%90%AD%E8%BC%89%E3%81%97%E3%81%9FApple-M5-Max%E3%83%81%E3%83%83%E3%83%97-%E3%82%B9%E3%83%9A%E3%83%BC%E3%82%B9%E3%83%96%E3%83%A9%E3%83%83%E3%82%AF?fnode=d8d08b80c84e5188089998ddedf96b015078ecabf9551e7932901242f516a71b56251fa4e9a79aaf4a5bd8a0c5040f6bd993d37eabdc34c10cee412d87cf63f16d4fb7620c6bc47c926a2d49d0caf645
2026-08-01T12:36:53+09:00,macbook-pro,16インチMacBook Pro [整備済製品] 18コアCPUと20コアGPUを搭載したApple M5 Proチップ - スペースブラック,762800,G1N0AJ/A,https://www.apple.com/jp/shop/product/g1n0aj/a/16%E3%82%A4%E3%83%B3%E3%83%81MacBook-Pro-%E6%95%B4%E5%82%99%E6%B8%88%E8%A3%BD%E5%93%81-18%E3%82%B3%E3%82%A2CPU%E3%81%A820%E3%82%B3%E3%82%A2GPU%E3%82%92%E6%90%AD%E8%BC%89%E3%81%97%E3%81%9FApple-M5-Pro%E3%83%81%E3%83%83%E3%83%97-%E3%82%B9%E3%83%9A%E3%83%BC%E3%82%B9%E3%83%96%E3%83%A9%E3%83%83%E3%82%AF?fnode=d8d08b80c84e5188089998ddedf96b015078ecabf9551e7932901242f516a71b56251fa4e9a79aaf4a5bd8a0c5040f6bd993d37eabdc34c10cee412d87cf63f16d4fb7620c6bc47c926a2d49d0caf645
2026-08-01T12:36:53+09:00,macbook-pro,14インチMacBook Pro [整備済製品] 18コアCPUと40コアGPUを搭載したApple M5 Maxチップ、Nano-textureディスプレイ - シルバー,769800,G1MKLJ/A,https://www.apple.com/jp/shop/product/g1mklj/a/14%E3%82%A4%E3%83%B3%E3%83%81MacBook-Pro-%E6%95%B4%E5%82%99%E6%B8%88%E8%A3%BD%E5%93%81-18%E3%82%B3%E3%82%A2CPU%E3%81%A840%E3%82%B3%E3%82%A2GPU%E3%82%92%E6%90%AD%E8%BC%89%E3%81%97%E3%81%9FApple-M5-Max%E3%83%81%E3%83%83%E3%83%97Nano-texture%E3%83%87%E3%82%A3%E3%82%B9%E3%83%97%E3%83%AC%E3%82%A4-%E3%82%B7%E3%83%AB%E3%83%90%E3%83%BC?fnode=d8d08b80c84e5188089998ddedf96b015078ecabf9551e7932901242f516a71b56251fa4e9a79aaf4a5bd8a0c5040f6bd993d37eabdc34c10cee412d87cf63f16d4fb7620c6bc47c926a2d49d0caf645
2026-08-01T12:36:53+09:00,macbook-pro,14インチMacBook Pro [整備済製品] 18コアCPUと20コアGPUを搭載したApple M5 Proチップ - シルバー,772800,G1MJ8J/A,https://www.apple.com/jp/shop/product/g1mj8j/a/14%E3%82%A4%E3%83%B3%E3%83%81MacBook-Pro-%E6%95%B4%E5%82%99%E6%B8%88%E8%A3%BD%E5%93%81-18%E3%82%B3%E3%82%A2CPU%E3%81%A820%E3%82%B3%E3%82%A2GPU%E3%82%92%E6%90%AD%E8%BC%89%E3%81%97%E3%81%9FApple-M5-Pro%E3%83%81%E3%83%83%E3%83%97-%E3%82%B7%E3%83%AB%E3%83%90%E3%83%BC?fnode=d8d08b80c84e5188089998ddedf96b015078ecabf9551e7932901242f516a71b56251fa4e9a79aaf4a5bd8a0c5040f6bd993d37eabdc34c10cee412d87cf63f16d4fb7620c6bc47c926a2d49d0caf645
2026-08-01T12:36:53+09:00,macbook-pro,16インチMacBook Pro [整備済製品] 14コアCPUと32コアGPUを搭載したApple M4 Maxチップ - スペースブラック,773800,G1FV1J/A,https://www.apple.com/jp/shop/product/g1fv1j/a/16%E3%82%A4%E3%83%B3%E3%83%81MacBook-Pro-%E6%95%B4%E5%82%99%E6%B8%88%E8%A3%BD%E5%93%81-14%E3%82%B3%E3%82%A2CPU%E3%81%A832%E3%82%B3%E3%82%A2GPU%E3%82%92%E6%90%AD%E8%BC%89%E3%81%97%E3%81%9FApple-M4-Max%E3%83%81%E3%83%83%E3%83%97-%E3%82%B9%E3%83%9A%E3%83%BC%E3%82%B9%E3%83%96%E3%83%A9%E3%83%83%E3%82%AF?fnode=d8d08b80c84e5188089998ddedf96b015078ecabf9551e7932901242f516a71b56251fa4e9a79aaf4a5bd8a0c5040f6bd993d37eabdc34c10cee412d87cf63f16d4fb7620c6bc47c926a2d49d0caf645
2026-08-01T12:36:53+09:00,macbook-pro,16インチMacBook Pro [整備済製品] 18コアCPUと32コアGPUを搭載したApple M5 Maxチップ - シルバー,782800,G1MX1J/A,https://www.apple.com/jp/shop/product/g1mx1j/a/16%E3%82%A4%E3%83%B3%E3%83%81MacBook-Pro-%E6%95%B4%E5%82%99%E6%B8%88%E8%A3%BD%E5%93%81-18%E3%82%B3%E3%82%A2CPU%E3%81%A832%E3%82%B3%E3%82%A2GPU%E3%82%92%E6%90%AD%E8%BC%89%E3%81%97%E3%81%9FApple-M5-Max%E3%83%81%E3%83%83%E3%83%97-%E3%82%B7%E3%83%AB%E3%83%90%E3%83%BC?fnode=d8d08b80c84e5188089998ddedf96b015078ecabf9551e7932901242f516a71b56251fa4e9a79aaf4a5bd8a0c5040f6bd993d37eabdc34c10cee412d87cf63f16d4fb7620c6bc47c926a2d49d0caf645
2026-08-01T12:36:53+09:00,macbook-pro,16インチMacBook Pro [整備済製品] 18コアCPUと32コアGPUを搭載したApple M5 Maxチップ、Nano-textureディスプレイ - シルバー,805800,G1MX3J/A,https://www.apple.com/jp/shop/product/g1mx3j/a/16%E3%82%A4%E3%83%B3%E3%83%81MacBook-Pro-%E6%95%B4%E5%82%99%E6%B8%88%E8%A3%BD%E5%93%81-18%E3%82%B3%E3%82%A2CPU%E3%81%A832%E3%82%B3%E3%82%A2GPU%E3%82%92%E6%90%AD%E8%BC%89%E3%81%97%E3%81%9FApple-M5-Max%E3%83%81%E3%83%83%E3%83%97Nano-texture%E3%83%87%E3%82%A3%E3%82%B9%E3%83%97%E3%83%AC%E3%82%A4-%E3%82%B7%E3%83%AB%E3%83%90%E3%83%BC?fnode=d8d08b80c84e5188089998ddedf96b015078ecabf9551e7932901242f516a71b56251fa4e9a79aaf4a5bd8a0c5040f6bd993d37eabdc34c10cee412d87cf63f16d4fb7620c6bc47c926a2d49d0caf645
2026-08-01T12:36:53+09:00,macbook-pro,16インチMacBook Pro [整備済製品] 18コアCPUと40コアGPUを搭載したApple M5 Maxチップ、Nano-textureディスプレイ - シルバー,805800,G1MY4J/A,https://www.apple.com/jp/shop/product/g1my4j/a/16%E3%82%A4%E3%83%B3%E3%83%81MacBook-Pro-%E6%95%B4%E5%82%99%E6%B8%88%E8%A3%BD%E5%93%81-18%E3%82%B3%E3%82%A2CPU%E3%81%A840%E3%82%B3%E3%82%A2GPU%E3%82%92%E6%90%AD%E8%BC%89%E3%81%97%E3%81%9FApple-M5-Max%E3%83%81%E3%83%83%E3%83%97Nano-texture%E3%83%87%E3%82%A3%E3%82%B9%E3%83%97%E3%83%AC%E3%82%A4-%E3%82%B7%E3%83%AB%E3%83%90%E3%83%BC?fnode=d8d08b80c84e5188089998ddedf96b015078ecabf9551e7932901242f516a71b56251fa4e9a79aaf4a5bd8a0c5040f6bd993d37eabdc34c10cee412d87cf63f16d4fb7620c6bc47c926a2d49d0caf645
2026-08-01T12:36:53+09:00,macbook-pro,16インチMacBook Pro [整備済製品] 18コアCPUと40コアGPUを搭載したApple M5 Maxチップ、Nano-textureディスプレイ - スペースブラック,805800,G1N24J/A,https://www.apple.com/jp/shop/product/g1n24j/a/16%E3%82%A4%E3%83%B3%E3%83%81MacBook-Pro-%E6%95%B4%E5%82%99%E6%B8%88%E8%A3%BD%E5%93%81-18%E3%82%B3%E3%82%A2CPU%E3%81%A840%E3%82%B3%E3%82%A2GPU%E3%82%92%E6%90%AD%E8%BC%89%E3%81%97%E3%81%9FApple-M5-Max%E3%83%81%E3%83%83%E3%83%97Nano-texture%E3%83%87%E3%82%A3%E3%82%B9%E3%83%97%E3%83%AC%E3%82%A4-%E3%82%B9%E3%83%9A%E3%83%BC%E3%82%B9%E3%83%96%E3%83%A9%E3%83%83%E3%82%AF?fnode=d8d08b80c84e5188089998ddedf96b015078ecabf9551e7932901242f516a71b56251fa4e9a79aaf4a5bd8a0c5040f6bd993d37eabdc34c10cee412d87cf63f16d4fb7620c6bc47c926a2d49d0caf645
2026-08-01T12:36:53+09:00,macbook-pro,16インチMacBook Pro [整備済製品] 18コアCPUと20コアGPUを搭載したApple M5 Proチップ - シルバー,824800,G1MW4J/A,https://www.apple.com/jp/shop/product/g1mw4j/a/16%E3%82%A4%E3%83%B3%E3%83%81MacBook-Pro-%E6%95%B4%E5%82%99%E6%B8%88%E8%A3%BD%E5%93%81-18%E3%82%B3%E3%82%A2CPU%E3%81%A820%E3%82%B3%E3%82%A2GPU%E3%82%92%E6%90%AD%E8%BC%89%E3%81%97%E3%81%9FApple-M5-Pro%E3%83%81%E3%83%83%E3%83%97-%E3%82%B7%E3%83%AB%E3%83%90%E3%83%BC?fnode=d8d08b80c84e5188089998ddedf96b015078ecabf9551e7932901242f516a71b56251fa4e9a79aaf4a5bd8a0c5040f6bd993d37eabdc34c10cee412d87cf63f16d4fb7620c6bc47c926a2d49d0caf645
2026-08-01T12:36:53+09:00,macbook-pro,16インチMacBook Pro [整備済製品] 18コアCPUと20コアGPUを搭載したApple M5 Proチップ - スペースブラック,824800,G1N04J/A,https://www.apple.com/jp/shop/product/g1n04j/a/16%E3%82%A4%E3%83%B3%E3%83%81MacBook-Pro-%E6%95%B4%E5%82%99%E6%B8%88%E8%A3%BD%E5%93%81-18%E3%82%B3%E3%82%A2CPU%E3%81%A820%E3%82%B3%E3%82%A2GPU%E3%82%92%E6%90%AD%E8%BC%89%E3%81%97%E3%81%9FApple-M5-Pro%E3%83%81%E3%83%83%E3%83%97-%E3%82%B9%E3%83%9A%E3%83%BC%E3%82%B9%E3%83%96%E3%83%A9%E3%83%83%E3%82%AF?fnode=d8d08b80c84e5188089998ddedf96b015078ecabf9551e7932901242f516a71b56251fa4e9a79aaf4a5bd8a0c5040f6bd993d37eabdc34c10cee412d87cf63f16d4fb7620c6bc47c926a2d49d0caf645
2026-08-01T12:36:53+09:00,macbook-pro,16インチMacBook Pro [整備済製品] 18コアCPUと20コアGPUを搭載したApple M5 Proチップ、Nano-textureディスプレイ - シルバー,846800,G1MW9J/A,https://www.apple.com/jp/shop/product/g1mw9j/a/16%E3%82%A4%E3%83%B3%E3%83%81MacBook-Pro-%E6%95%B4%E5%82%99%E6%B8%88%E8%A3%BD%E5%93%81-18%E3%82%B3%E3%82%A2CPU%E3%81%A820%E3%82%B3%E3%82%A2GPU%E3%82%92%E6%90%AD%E8%BC%89%E3%81%97%E3%81%9FApple-M5-Pro%E3%83%81%E3%83%83%E3%83%97Nano-texture%E3%83%87%E3%82%A3%E3%82%B9%E3%83%97%E3%83%AC%E3%82%A4-%E3%82%B7%E3%83%AB%E3%83%90%E3%83%BC?fnode=d8d08b80c84e5188089998ddedf96b015078ecabf9551e7932901242f516a71b56251fa4e9a79aaf4a5bd8a0c5040f6bd993d37eabdc34c10cee412d87cf63f16d4fb7620c6bc47c926a2d49d0caf645
2026-08-01T12:36:53+09:00,macbook-pro,16インチMacBook Pro [整備済製品] 18コアCPUと20コアGPUを搭載したApple M5 Proチップ、Nano-textureディスプレイ - スペースブラック,846800,G1N09J/A,https://www.apple.com/jp/shop/product/g1n09j/a/16%E3%82%A4%E3%83%B3%E3%83%81MacBook-Pro-%E6%95%B4%E5%82%99%E6%B8%88%E8%A3%BD%E5%93%81-18%E3%82%B3%E3%82%A2CPU%E3%81%A820%E3%82%B3%E3%82%A2GPU%E3%82%92%E6%90%AD%E8%BC%89%E3%81%97%E3%81%9FApple-M5-Pro%E3%83%81%E3%83%83%E3%83%97Nano-texture%E3%83%87%E3%82%A3%E3%82%B9%E3%83%97%E3%83%AC%E3%82%A4-%E3%82%B9%E3%83%9A%E3%83%BC%E3%82%B9%E3%83%96%E3%83%A9%E3%83%83%E3%82%AF?fnode=d8d08b80c84e5188089998ddedf96b015078ecabf9551e7932901242f516a71b56251fa4e9a79aaf4a5bd8a0c5040f6bd993d37eabdc34c10cee412d87cf63f16d4fb7620c6bc47c926a2d49d0caf645
2026-08-01T12:36:53+09:00,macbook-pro,16インチMacBook Pro [整備済製品] 18コアCPUと40コアGPUを搭載したApple M5 Maxチップ、Nano-textureディスプレイ - スペースブラック,897800,G1N22J/A,https://www.apple.com/jp/shop/product/g1n22j/a/16%E3%82%A4%E3%83%B3%E3%83%81MacBook-Pro-%E6%95%B4%E5%82%99%E6%B8%88%E8%A3%BD%E5%93%81-18%E3%82%B3%E3%82%A2CPU%E3%81%A840%E3%82%B3%E3%82%A2GPU%E3%82%92%E6%90%AD%E8%BC%89%E3%81%97%E3%81%9FApple-M5-Max%E3%83%81%E3%83%83%E3%83%97Nano-texture%E3%83%87%E3%82%A3%E3%82%B9%E3%83%97%E3%83%AC%E3%82%A4-%E3%82%B9%E3%83%9A%E3%83%BC%E3%82%B9%E3%83%96%E3%83%A9%E3%83%83%E3%82%AF?fnode=d8d08b80c84e5188089998ddedf96b015078ecabf9551e7932901242f516a71b56251fa4e9a79aaf4a5bd8a0c5040f6bd993d37eabdc34c10cee412d87cf63f16d4fb7620c6bc47c926a2d49d0caf645
2026-08-01T12:36:53+09:00,macbook-pro,16インチMacBook Pro [整備済製品] 18コアCPUと40コアGPUを搭載したApple M5 Maxチップ、Nano-textureディスプレイ - シルバー,958800,G1MY5J/A,https://www.apple.com/jp/shop/product/g1my5j/a/16%E3%82%A4%E3%83%B3%E3%83%81MacBook-Pro-%E6%95%B4%E5%82%99%E6%B8%88%E8%A3%BD%E5%93%81-18%E3%82%B3%E3%82%A2CPU%E3%81%A840%E3%82%B3%E3%82%A2GPU%E3%82%92%E6%90%AD%E8%BC%89%E3%81%97%E3%81%9FApple-M5-Max%E3%83%81%E3%83%83%E3%83%97Nano-texture%E3%83%87%E3%82%A3%E3%82%B9%E3%83%97%E3%83%AC%E3%82%A4-%E3%82%B7%E3%83%AB%E3%83%90%E3%83%BC?fnode=d8d08b80c84e5188089998ddedf96b015078ecabf9551e7932901242f516a71b56251fa4e9a79aaf4a5bd8a0c5040f6bd993d37eabdc34c10cee412d87cf63f16d4fb7620c6bc47c926a2d49d0caf645
2026-08-01T12:36:53+09:00,macbook-pro,16インチMacBook Pro [整備済製品] 18コアCPUと40コアGPUを搭載したApple M5 Maxチップ、Nano-textureディスプレイ - スペースブラック,958800,G1N25J/A,https://www.apple.com/jp/shop/product/g1n25j/a/16%E3%82%A4%E3%83%B3%E3%83%81MacBook-Pro-%E6%95%B4%E5%82%99%E6%B8%88%E8%A3%BD%E5%93%81-18%E3%82%B3%E3%82%A2CPU%E3%81%A840%E3%82%B3%E3%82%A2GPU%E3%82%92%E6%90%AD%E8%BC%89%E3%81%97%E3%81%9FApple-M5-Max%E3%83%81%E3%83%83%E3%83%97Nano-texture%E3%83%87%E3%82%A3%E3%82%B9%E3%83%97%E3%83%AC%E3%82%A4-%E3%82%B9%E3%83%9A%E3%83%BC%E3%82%B9%E3%83%96%E3%83%A9%E3%83%83%E3%82%AF?fnode=d8d08b80c84e5188089998ddedf96b015078ecabf9551e7932901242f516a71b56251fa4e9a79aaf4a5bd8a0c5040f6bd993d37eabdc34c10cee412d87cf63f16d4fb7620c6bc47c926a2d49d0caf645
2026-08-01T12:36:53+09:00,macbook-pro,14インチMacBook Pro [整備済製品] 18コアCPUと40コアGPUを搭載したApple M5 Maxチップ - シルバー,991800,G1MK4J/A,https://www.apple.com/jp/shop/product/g1mk4j/a/14%E3%82%A4%E3%83%B3%E3%83%81MacBook-Pro-%E6%95%B4%E5%82%99%E6%B8%88%E8%A3%BD%E5%93%81-18%E3%82%B3%E3%82%A2CPU%E3%81%A840%E3%82%B3%E3%82%A2GPU%E3%82%92%E6%90%AD%E8%BC%89%E3%81%97%E3%81%9FApple-M5-Max%E3%83%81%E3%83%83%E3%83%97-%E3%82%B7%E3%83%AB%E3%83%90%E3%83%BC?fnode=d8d08b80c84e5188089998ddedf96b015078ecabf9551e7932901242f516a71b56251fa4e9a79aaf4a5bd8a0c5040f6bd993d37eabdc34c10cee412d87cf63f16d4fb7620c6bc47c926a2d49d0caf645
2026-08-01T12:36:53+09:00,macbook-pro,14インチMacBook Pro [整備済製品] 18コアCPUと40コアGPUを搭載したApple M5 Maxチップ - スペースブラック,991800,G1MN4J/A,https://www.apple.com/jp/shop/product/g1mn4j/a/14%E3%82%A4%E3%83%B3%E3%83%81MacBook-Pro-%E6%95%B4%E5%82%99%E6%B8%88%E8%A3%BD%E5%93%81-18%E3%82%B3%E3%82%A2CPU%E3%81%A840%E3%82%B3%E3%82%A2GPU%E3%82%92%E6%90%AD%E8%BC%89%E3%81%97%E3%81%9FApple-M5-Max%E3%83%81%E3%83%83%E3%83%97-%E3%82%B9%E3%83%9A%E3%83%BC%E3%82%B9%E3%83%96%E3%83%A9%E3%83%83%E3%82%AF?fnode=d8d08b80c84e5188089998ddedf96b015078ecabf9551e7932901242f516a71b56251fa4e9a79aaf4a5bd8a0c5040f6bd993d37eabdc34c10cee412d87cf63f16d4fb7620c6bc47c926a2d49d0caf645
2026-08-01T12:36:53+09:00,macbook-pro,14インチMacBook Pro [整備済製品] 18コアCPUと40コアGPUを搭載したApple M5 Maxチップ、Nano-textureディスプレイ - スペースブラック,1014800,G1MN5J/A,https://www.apple.com/jp/shop/product/g1mn5j/a/14%E3%82%A4%E3%83%B3%E3%83%81MacBook-Pro-%E6%95%B4%E5%82%99%E6%B8%88%E8%A3%BD%E5%93%81-18%E3%82%B3%E3%82%A2CPU%E3%81%A840%E3%82%B3%E3%82%A2GPU%E3%82%92%E6%90%AD%E8%BC%89%E3%81%97%E3%81%9FApple-M5-Max%E3%83%81%E3%83%83%E3%83%97Nano-texture%E3%83%87%E3%82%A3%E3%82%B9%E3%83%97%E3%83%AC%E3%82%A4-%E3%82%B9%E3%83%9A%E3%83%BC%E3%82%B9%E3%83%96%E3%83%A9%E3%83%83%E3%82%AF?fnode=d8d08b80c84e5188089998ddedf96b015078ecabf9551e7932901242f516a71b56251fa4e9a79aaf4a5bd8a0c5040f6bd993d37eabdc34c10cee412d87cf63f16d4fb7620c6bc47c926a2d49d0caf645
2026-08-01T12:36:53+09:00,macbook-pro,16インチMacBook Pro [整備済製品] 18コアCPUと40コアGPUを搭載したApple M5 Maxチップ - シルバー,1027800,G1MYEJ/A,https://www.apple.com/jp/shop/product/g1myej/a/16%E3%82%A4%E3%83%B3%E3%83%81MacBook-Pro-%E6%95%B4%E5%82%99%E6%B8%88%E8%A3%BD%E5%93%81-18%E3%82%B3%E3%82%A2CPU%E3%81%A840%E3%82%B3%E3%82%A2GPU%E3%82%92%E6%90%AD%E8%BC%89%E3%81%97%E3%81%9FApple-M5-Max%E3%83%81%E3%83%83%E3%83%97-%E3%82%B7%E3%83%AB%E3%83%90%E3%83%BC?fnode=d8d08b80c84e5188089998ddedf96b015078ecabf9551e7932901242f516a71b56251fa4e9a79aaf4a5bd8a0c5040f6bd993d37eabdc34c10cee412d87cf63f16d4fb7620c6bc47c926a2d49d0caf645
2026-08-01T12:36:53+09:00,macbook-pro,16インチMacBook Pro [整備済製品] 18コアCPUと40コアGPUを搭載したApple M5 Maxチップ - スペースブラック,1027800,G1N2EJ/A,https://www.apple.com/jp/shop/product/g1n2ej/a/16%E3%82%A4%E3%83%B3%E3%83%81MacBook-Pro-%E6%95%B4%E5%82%99%E6%B8%88%E8%A3%BD%E5%93%81-18%E3%82%B3%E3%82%A2CPU%E3%81%A840%E3%82%B3%E3%82%A2GPU%E3%82%92%E6%90%AD%E8%BC%89%E3%81%97%E3%81%9FApple-M5-Max%E3%83%81%E3%83%83%E3%83%97-%E3%82%B9%E3%83%9A%E3%83%BC%E3%82%B9%E3%83%96%E3%83%A9%E3%83%83%E3%82%AF?fnode=d8d08b80c84e5188089998ddedf96b015078ecabf9551e7932901242f516a71b56251fa4e9a79aaf4a5bd8a0c5040f6bd993d37eabdc34c10cee412d87cf63f16d4fb7620c6bc47c926a2d49d0caf645
2026-08-01T12:36:53+09:00,macbook-pro,16インチMacBook Pro [整備済製品] 16コアCPUと40コアGPUを搭載したApple M4 Maxチップ、Nano-textureディスプレイ - スペースブラック,1040800,G1FWLJ/A,https://www.apple.com/jp/shop/product/g1fwlj/a/16%E3%82%A4%E3%83%B3%E3%83%81MacBook-Pro-%E6%95%B4%E5%82%99%E6%B8%88%E8%A3%BD%E5%93%81-16%E3%82%B3%E3%82%A2CPU%E3%81%A840%E3%82%B3%E3%82%A2GPU%E3%82%92%E6%90%AD%E8%BC%89%E3%81%97%E3%81%9FApple-M4-Max%E3%83%81%E3%83%83%E3%83%97Nano-texture%E3%83%87%E3%82%A3%E3%82%B9%E3%83%97%E3%83%AC%E3%82%A4-%E3%82%B9%E3%83%9A%E3%83%BC%E3%82%B9%E3%83%96%E3%83%A9%E3%83%83%E3%82%AF?fnode=d8d08b80c84e5188089998ddedf96b015078ecabf9551e7932901242f516a71b56251fa4e9a79aaf4a5bd8a0c5040f6bd993d37eabdc34c10cee412d87cf63f16d4fb7620c6bc47c926a2d49d0caf645
2026-08-01T12:36:53+09:00,macbook-pro,16インチMacBook Pro [整備済製品] 18コアCPUと40コアGPUを搭載したApple M5 Maxチップ、Nano-textureディスプレイ - シルバー,1050800,G1MY7J/A,https://www.apple.com/jp/shop/product/g1my7j/a/16%E3%82%A4%E3%83%B3%E3%83%81MacBook-Pro-%E6%95%B4%E5%82%99%E6%B8%88%E8%A3%BD%E5%93%81-18%E3%82%B3%E3%82%A2CPU%E3%81%A840%E3%82%B3%E3%82%A2GPU%E3%82%92%E6%90%AD%E8%BC%89%E3%81%97%E3%81%9FApple-M5-Max%E3%83%81%E3%83%83%E3%83%97Nano-texture%E3%83%87%E3%82%A3%E3%82%B9%E3%83%97%E3%83%AC%E3%82%A4-%E3%82%B7%E3%83%AB%E3%83%90%E3%83%BC?fnode=d8d08b80c84e5188089998ddedf96b015078ecabf9551e7932901242f516a71b56251fa4e9a79aaf4a5bd8a0c5040f6bd993d37eabdc34c10cee412d87cf63f16d4fb7620c6bc47c926a2d49d0caf645
2026-08-01T12:36:53+09:00,macbook-pro,16インチMacBook Pro [整備済製品] 18コアCPUと40コアGPUを搭載したApple M5 Maxチップ、Nano-textureディスプレイ - スペースブラック,1050800,G1N27J/A,https://www.apple.com/jp/shop/product/g1n27j/a/16%E3%82%A4%E3%83%B3%E3%83%81MacBook-Pro-%E6%95%B4%E5%82%99%E6%B8%88%E8%A3%BD%E5%93%81-18%E3%82%B3%E3%82%A2CPU%E3%81%A840%E3%82%B3%E3%82%A2GPU%E3%82%92%E6%90%AD%E8%BC%89%E3%81%97%E3%81%9FApple-M5-Max%E3%83%81%E3%83%83%E3%83%97Nano-texture%E3%83%87%E3%82%A3%E3%82%B9%E3%83%97%E3%83%AC%E3%82%A4-%E3%82%B9%E3%83%9A%E3%83%BC%E3%82%B9%E3%83%96%E3%83%A9%E3%83%83%E3%82%AF?fnode=d8d08b80c84e5188089998ddedf96b015078ecabf9551e7932901242f516a71b56251fa4e9a79aaf4a5bd8a0c5040f6bd993d37eabdc34c10cee412d87cf63f16d4fb7620c6bc47c926a2d49d0caf645
2026-08-01T12:36:53+09:00,macbook-pro,14インチMacBook Pro [整備済製品] 18コアCPUと40コアGPUを搭載したApple M5 Maxチップ - シルバー,1144800,G1MK6J/A,https://www.apple.com/jp/shop/product/g1mk6j/a/14%E3%82%A4%E3%83%B3%E3%83%81MacBook-Pro-%E6%95%B4%E5%82%99%E6%B8%88%E8%A3%BD%E5%93%81-18%E3%82%B3%E3%82%A2CPU%E3%81%A840%E3%82%B3%E3%82%A2GPU%E3%82%92%E6%90%AD%E8%BC%89%E3%81%97%E3%81%9FApple-M5-Max%E3%83%81%E3%83%83%E3%83%97-%E3%82%B7%E3%83%AB%E3%83%90%E3%83%BC?fnode=d8d08b80c84e5188089998ddedf96b015078ecabf9551e7932901242f516a71b56251fa4e9a79aaf4a5bd8a0c5040f6bd993d37eabdc34c10cee412d87cf63f16d4fb7620c6bc47c926a2d49d0caf645
2026-08-01T12:36:53+09:00,macbook-pro,14インチMacBook Pro [整備済製品] 18コアCPUと40コアGPUを搭載したApple M5 Maxチップ - スペースブラック,1144800,G1MN6J/A,https://www.apple.com/jp/shop/product/g1mn6j/a/14%E3%82%A4%E3%83%B3%E3%83%81MacBook-Pro-%E6%95%B4%E5%82%99%E6%B8%88%E8%A3%BD%E5%93%81-18%E3%82%B3%E3%82%A2CPU%E3%81%A840%E3%82%B3%E3%82%A2GPU%E3%82%92%E6%90%AD%E8%BC%89%E3%81%97%E3%81%9FApple-M5-Max%E3%83%81%E3%83%83%E3%83%97-%E3%82%B9%E3%83%9A%E3%83%BC%E3%82%B9%E3%83%96%E3%83%A9%E3%83%83%E3%82%AF?fnode=d8d08b80c84e5188089998ddedf96b015078ecabf9551e7932901242f516a71b56251fa4e9a79aaf4a5bd8a0c5040f6bd993d37eabdc34c10cee412d87cf63f16d4fb7620c6bc47c926a2d49d0caf645
2026-08-01T12:36:53+09:00,macbook-pro,14インチMacBook Pro [整備済製品] 18コアCPUと40コアGPUを搭載したApple M5 Maxチップ、Nano-textureディスプレイ - シルバー,1167800,G1MK7J/A,https://www.apple.com/jp/shop/product/g1mk7j/a/14%E3%82%A4%E3%83%B3%E3%83%81MacBook-Pro-%E6%95%B4%E5%82%99%E6%B8%88%E8%A3%BD%E5%93%81-18%E3%82%B3%E3%82%A2CPU%E3%81%A840%E3%82%B3%E3%82%A2GPU%E3%82%92%E6%90%AD%E8%BC%89%E3%81%97%E3%81%9FApple-M5-Max%E3%83%81%E3%83%83%E3%83%97Nano-texture%E3%83%87%E3%82%A3%E3%82%B9%E3%83%97%E3%83%AC%E3%82%A4-%E3%82%B7%E3%83%AB%E3%83%90%E3%83%BC?fnode=d8d08b80c84e5188089998ddedf96b015078ecabf9551e7932901242f516a71b56251fa4e9a79aaf4a5bd8a0c5040f6bd993d37eabdc34c10cee412d87cf63f16d4fb7620c6bc47c926a2d49d0caf645
2026-08-01T12:36:53+09:00,macbook-pro,14インチMacBook Pro [整備済製品] 18コアCPUと40コアGPUを搭載したApple M5 Maxチップ、Nano-textureディスプレイ - スペースブラック,1167800,G1MN7J/A,https://www.apple.com/jp/shop/product/g1mn7j/a/14%E3%82%A4%E3%83%B3%E3%83%81MacBook-Pro-%E6%95%B4%E5%82%99%E6%B8%88%E8%A3%BD%E5%93%81-18%E3%82%B3%E3%82%A2CPU%E3%81%A840%E3%82%B3%E3%82%A2GPU%E3%82%92%E6%90%AD%E8%BC%89%E3%81%97%E3%81%9FApple-M5-Max%E3%83%81%E3%83%83%E3%83%97Nano-texture%E3%83%87%E3%82%A3%E3%82%B9%E3%83%97%E3%83%AC%E3%82%A4-%E3%82%B9%E3%83%9A%E3%83%BC%E3%82%B9%E3%83%96%E3%83%A9%E3%83%83%E3%82%AF?fnode=d8d08b80c84e5188089998ddedf96b015078ecabf9551e7932901242f516a71b56251fa4e9a79aaf4a5bd8a0c5040f6bd993d37eabdc34c10cee412d87cf63f16d4fb7620c6bc47c926a2d49d0caf645
2026-08-01T12:36:53+09:00,macbook-pro,16インチMacBook Pro [整備済製品] 16コアCPUと40コアGPUを搭載したApple M4 Maxチップ - スペースブラック,1170800,G1FW2J/A,https://www.apple.com/jp/shop/product/g1fw2j/a/16%E3%82%A4%E3%83%B3%E3%83%81MacBook-Pro-%E6%95%B4%E5%82%99%E6%B8%88%E8%A3%BD%E5%93%81-16%E3%82%B3%E3%82%A2CPU%E3%81%A840%E3%82%B3%E3%82%A2GPU%E3%82%92%E6%90%AD%E8%BC%89%E3%81%97%E3%81%9FApple-M4-Max%E3%83%81%E3%83%83%E3%83%97-%E3%82%B9%E3%83%9A%E3%83%BC%E3%82%B9%E3%83%96%E3%83%A9%E3%83%83%E3%82%AF?fnode=d8d08b80c84e5188089998ddedf96b015078ecabf9551e7932901242f516a71b56251fa4e9a79aaf4a5bd8a0c5040f6bd993d37eabdc34c10cee412d87cf63f16d4fb7620c6bc47c926a2d49d0caf645
2026-08-01T12:36:53+09:00,macbook-pro,16インチMacBook Pro [整備済製品] 18コアCPUと40コアGPUを搭載したApple M5 Maxチップ - シルバー,1180800,G1MYFJ/A,https://www.apple.com/jp/shop/product/g1myfj/a/16%E3%82%A4%E3%83%B3%E3%83%81MacBook-Pro-%E6%95%B4%E5%82%99%E6%B8%88%E8%A3%BD%E5%93%81-18%E3%82%B3%E3%82%A2CPU%E3%81%A840%E3%82%B3%E3%82%A2GPU%E3%82%92%E6%90%AD%E8%BC%89%E3%81%97%E3%81%9FApple-M5-Max%E3%83%81%E3%83%83%E3%83%97-%E3%82%B7%E3%83%AB%E3%83%90%E3%83%BC?fnode=d8d08b80c84e5188089998ddedf96b015078ecabf9551e7932901242f516a71b56251fa4e9a79aaf4a5bd8a0c5040f6bd993d37eabdc34c10cee412d87cf63f16d4fb7620c6bc47c926a2d49d0caf645
2026-08-01T12:36:53+09:00,macbook-pro,16インチMacBook Pro [整備済製品] 18コアCPUと40コアGPUを搭載したApple M5 Maxチップ - スペースブラック,1180800,G1N2FJ/A,https://www.apple.com/jp/shop/product/g1n2fj/a/16%E3%82%A4%E3%83%B3%E3%83%81MacBook-Pro-%E6%95%B4%E5%82%99%E6%B8%88%E8%A3%BD%E5%93%81-18%E3%82%B3%E3%82%A2CPU%E3%81%A840%E3%82%B3%E3%82%A2GPU%E3%82%92%E6%90%AD%E8%BC%89%E3%81%97%E3%81%9FApple-M5-Max%E3%83%81%E3%83%83%E3%83%97-%E3%82%B9%E3%83%9A%E3%83%BC%E3%82%B9%E3%83%96%E3%83%A9%E3%83%83%E3%82%AF?fnode=d8d08b80c84e5188089998ddedf96b015078ecabf9551e7932901242f516a71b56251fa4e9a79aaf4a5bd8a0c5040f6bd993d37eabdc34c10cee412d87cf63f16d4fb7620c6bc47c926a2d49d0caf645
2026-08-01T12:36:53+09:00,macbook-pro,16インチMacBook Pro [整備済製品] 16コアCPUと40コアGPUを搭載したApple M4 Maxチップ、Nano-textureディスプレイ - スペースブラック,1193800,G1FWMJ/A,https://www.apple.com/jp/shop/product/g1fwmj/a/16%E3%82%A4%E3%83%B3%E3%83%81MacBook-Pro-%E6%95%B4%E5%82%99%E6%B8%88%E8%A3%BD%E5%93%81-16%E3%82%B3%E3%82%A2CPU%E3%81%A840%E3%82%B3%E3%82%A2GPU%E3%82%92%E6%90%AD%E8%BC%89%E3%81%97%E3%81%9FApple-M4-Max%E3%83%81%E3%83%83%E3%83%97Nano-texture%E3%83%87%E3%82%A3%E3%82%B9%E3%83%97%E3%83%AC%E3%82%A4-%E3%82%B9%E3%83%9A%E3%83%BC%E3%82%B9%E3%83%96%E3%83%A9%E3%83%83%E3%82%AF?fnode=d8d08b80c84e5188089998ddedf96b015078ecabf9551e7932901242f516a71b56251fa4e9a79aaf4a5bd8a0c5040f6bd993d37eabdc34c10cee412d87cf63f16d4fb7620c6bc47c926a2d49d0caf645
2026-08-01T12:36:53+09:00,macbook-pro,16インチMacBook Pro [整備済製品] 18コアCPUと40コアGPUを搭載したApple M5 Maxチップ、Nano-textureディスプレイ - スペースブラック,1203800,G1N28J/A,https://www.apple.com/jp/shop/product/g1n28j/a/16%E3%82%A4%E3%83%B3%E3%83%81MacBook-Pro-%E6%95%B4%E5%82%99%E6%B8%88%E8%A3%BD%E5%93%81-18%E3%82%B3%E3%82%A2CPU%E3%81%A840%E3%82%B3%E3%82%A2GPU%E3%82%92%E6%90%AD%E8%BC%89%E3%81%97%E3%81%9FApple-M5-Max%E3%83%81%E3%83%83%E3%83%97Nano-texture%E3%83%87%E3%82%A3%E3%82%B9%E3%83%97%E3%83%AC%E3%82%A4-%E3%82%B9%E3%83%9A%E3%83%BC%E3%82%B9%E3%83%96%E3%83%A9%E3%83%83%E3%82%AF?fnode=d8d08b80c84e5188089998ddedf96b015078ecabf9551e7932901242f516a71b56251fa4e9a79aaf4a5bd8a0c5040f6bd993d37eabdc34c10cee412d87cf63f16d4fb7620c6bc47c926a2d49d0caf645
2026-08-01T12:36:53+09:00,macbook-pro,14インチMacBook Pro [整備済製品] 18コアCPUと40コアGPUを搭載したApple M5 Maxチップ - スペースブラック,1205800,G1MN2J/A,https://www.apple.com/jp/shop/product/g1mn2j/a/14%E3%82%A4%E3%83%B3%E3%83%81MacBook-Pro-%E6%95%B4%E5%82%99%E6%B8%88%E8%A3%BD%E5%93%81-18%E3%82%B3%E3%82%A2CPU%E3%81%A840%E3%82%B3%E3%82%A2GPU%E3%82%92%E6%90%AD%E8%BC%89%E3%81%97%E3%81%9FApple-M5-Max%E3%83%81%E3%83%83%E3%83%97-%E3%82%B9%E3%83%9A%E3%83%BC%E3%82%B9%E3%83%96%E3%83%A9%E3%83%83%E3%82%AF?fnode=d8d08b80c84e5188089998ddedf96b015078ecabf9551e7932901242f516a71b56251fa4e9a79aaf4a5bd8a0c5040f6bd993d37eabdc34c10cee412d87cf63f16d4fb7620c6bc47c926a2d49d0caf645
2026-08-01T12:36:53+09:00,macbook-pro,14インチMacBook Pro [整備済製品] 18コアCPUと40コアGPUを搭載したApple M5 Maxチップ、Nano-textureディスプレイ - シルバー,1228800,G1MK3J/A,https://www.apple.com/jp/shop/product/g1mk3j/a/14%E3%82%A4%E3%83%B3%E3%83%81MacBook-Pro-%E6%95%B4%E5%82%99%E6%B8%88%E8%A3%BD%E5%93%81-18%E3%82%B3%E3%82%A2CPU%E3%81%A840%E3%82%B3%E3%82%A2GPU%E3%82%92%E6%90%AD%E8%BC%89%E3%81%97%E3%81%9FApple-M5-Max%E3%83%81%E3%83%83%E3%83%97Nano-texture%E3%83%87%E3%82%A3%E3%82%B9%E3%83%97%E3%83%AC%E3%82%A4-%E3%82%B7%E3%83%AB%E3%83%90%E3%83%BC?fnode=d8d08b80c84e5188089998ddedf96b015078ecabf9551e7932901242f516a71b56251fa4e9a79aaf4a5bd8a0c5040f6bd993d37eabdc34c10cee412d87cf63f16d4fb7620c6bc47c926a2d49d0caf645
2026-08-01T12:36:53+09:00,macbook-pro,16インチMacBook Pro [整備済製品] 16コアCPUと40コアGPUを搭載したApple M4 Maxチップ - シルバー,1232800,G1FS6J/A,https://www.apple.com/jp/shop/product/g1fs6j/a/16%E3%82%A4%E3%83%B3%E3%83%81MacBook-Pro-%E6%95%B4%E5%82%99%E6%B8%88%E8%A3%BD%E5%93%81-16%E3%82%B3%E3%82%A2CPU%E3%81%A840%E3%82%B3%E3%82%A2GPU%E3%82%92%E6%90%AD%E8%BC%89%E3%81%97%E3%81%9FApple-M4-Max%E3%83%81%E3%83%83%E3%83%97-%E3%82%B7%E3%83%AB%E3%83%90%E3%83%BC?fnode=d8d08b80c84e5188089998ddedf96b015078ecabf9551e7932901242f516a71b56251fa4e9a79aaf4a5bd8a0c5040f6bd993d37eabdc34c10cee412d87cf63f16d4fb7620c6bc47c926a2d49d0caf645
2026-08-01T12:36:53+09:00,macbook-pro,16インチMacBook Pro [整備済製品] 18コアCPUと40コアGPUを搭載したApple M5 Maxチップ、Nano-textureディスプレイ - シルバー,1264800,G1MY6J/A,https://www.apple.com/jp/shop/product/g1my6j/a/16%E3%82%A4%E3%83%B3%E3%83%81MacBook-Pro-%E6%95%B4%E5%82%99%E6%B8%88%E8%A3%BD%E5%93%81-18%E3%82%B3%E3%82%A2CPU%E3%81%A840%E3%82%B3%E3%82%A2GPU%E3%82%92%E6%90%AD%E8%BC%89%E3%81%97%E3%81%9FApple-M5-Max%E3%83%81%E3%83%83%E3%83%97Nano-texture%E3%83%87%E3%82%A3%E3%82%B9%E3%83%97%E3%83%AC%E3%82%A4-%E3%82%B7%E3%83%AB%E3%83%90%E3%83%BC?fnode=d8d08b80c84e5188089998ddedf96b015078ecabf9551e7932901242f516a71b56251fa4e9a79aaf4a5bd8a0c5040f6bd993d37eabdc34c10cee412d87cf63f16d4fb7620c6bc47c926a2d49d0caf645
2026-08-01T12:36:53+09:00,macbook-pro,16インチMacBook Pro [整備済製品] 18コアCPUと40コアGPUを搭載したApple M5 Maxチップ、Nano-textureディスプレイ - スペースブラック,1264800,G1N26J/A,https://www.apple.com/jp/shop/product/g1n26j/a/16%E3%82%A4%E3%83%B3%E3%83%81MacBook-Pro-%E6%95%B4%E5%82%99%E6%B8%88%E8%A3%BD%E5%93%81-18%E3%82%B3%E3%82%A2CPU%E3%81%A840%E3%82%B3%E3%82%A2GPU%E3%82%92%E6%90%AD%E8%BC%89%E3%81%97%E3%81%9FApple-M5-Max%E3%83%81%E3%83%83%E3%83%97Nano-texture%E3%83%87%E3%82%A3%E3%82%B9%E3%83%97%E3%83%AC%E3%82%A4-%E3%82%B9%E3%83%9A%E3%83%BC%E3%82%B9%E3%83%96%E3%83%A9%E3%83%83%E3%82%AF?fnode=d8d08b80c84e5188089998ddedf96b015078ecabf9551e7932901242f516a71b56251fa4e9a79aaf4a5bd8a0c5040f6bd993d37eabdc34c10cee412d87cf63f16d4fb7620c6bc47c926a2d49d0caf645
2026-08-01T12:36:53+09:00,macbook-pro,14インチMacBook Pro [整備済製品] 18コアCPUと40コアGPUを搭載したApple M5 Maxチップ - スペースブラック,1450800,G1MN8J/A,https://www.apple.com/jp/shop/product/g1mn8j/a/14%E3%82%A4%E3%83%B3%E3%83%81MacBook-Pro-%E6%95%B4%E5%82%99%E6%B8%88%E8%A3%BD%E5%93%81-18%E3%82%B3%E3%82%A2CPU%E3%81%A840%E3%82%B3%E3%82%A2GPU%E3%82%92%E6%90%AD%E8%BC%89%E3%81%97%E3%81%9FApple-M5-Max%E3%83%81%E3%83%83%E3%83%97-%E3%82%B9%E3%83%9A%E3%83%BC%E3%82%B9%E3%83%96%E3%83%A9%E3%83%83%E3%82%AF?fnode=d8d08b80c84e5188089998ddedf96b015078ecabf9551e7932901242f516a71b56251fa4e9a79aaf4a5bd8a0c5040f6bd993d37eabdc34c10cee412d87cf63f16d4fb7620c6bc47c926a2d49d0caf645
2026-08-01T12:36:53+09:00,macbook-pro,14インチMacBook Pro [整備済製品] 18コアCPUと40コアGPUを搭載したApple M5 Maxチップ、Nano-textureディスプレイ - スペースブラック,1473800,G1MN9J/A,https://www.apple.com/jp/shop/product/g1mn9j/a/14%E3%82%A4%E3%83%B3%E3%83%81MacBook-Pro-%E6%95%B4%E5%82%99%E6%B8%88%E8%A3%BD%E5%93%81-18%E3%82%B3%E3%82%A2CPU%E3%81%A840%E3%82%B3%E3%82%A2GPU%E3%82%92%E6%90%AD%E8%BC%89%E3%81%97%E3%81%9FApple-M5-Max%E3%83%81%E3%83%83%E3%83%97Nano-texture%E3%83%87%E3%82%A3%E3%82%B9%E3%83%97%E3%83%AC%E3%82%A4-%E3%82%B9%E3%83%9A%E3%83%BC%E3%82%B9%E3%83%96%E3%83%A9%E3%83%83%E3%82%AF?fnode=d8d08b80c84e5188089998ddedf96b015078ecabf9551e7932901242f516a71b56251fa4e9a79aaf4a5bd8a0c5040f6bd993d37eabdc34c10cee412d87cf63f16d4fb7620c6bc47c926a2d49d0caf645
2026-08-01T12:36:53+09:00,macbook-pro,16インチMacBook Pro [整備済製品] 18コアCPUと40コアGPUを搭載したApple M5 Maxチップ - シルバー,1486800,G1MYGJ/A,https://www.apple.com/jp/shop/product/g1mygj/a/16%E3%82%A4%E3%83%B3%E3%83%81MacBook-Pro-%E6%95%B4%E5%82%99%E6%B8%88%E8%A3%BD%E5%93%81-18%E3%82%B3%E3%82%A2CPU%E3%81%A840%E3%82%B3%E3%82%A2GPU%E3%82%92%E6%90%AD%E8%BC%89%E3%81%97%E3%81%9FApple-M5-Max%E3%83%81%E3%83%83%E3%83%97-%E3%82%B7%E3%83%AB%E3%83%90%E3%83%BC?fnode=d8d08b80c84e5188089998ddedf96b015078ecabf9551e7932901242f516a71b56251fa4e9a79aaf4a5bd8a0c5040f6bd993d37eabdc34c10cee412d87cf63f16d4fb7620c6bc47c926a2d49d0caf645
2026-08-01T12:36:53+09:00,macbook-pro,16インチMacBook Pro [整備済製品] 18コアCPUと40コアGPUを搭載したApple M5 Maxチップ - スペースブラック,1486800,G1N2GJ/A,https://www.apple.com/jp/shop/product/g1n2gj/a/16%E3%82%A4%E3%83%B3%E3%83%81MacBook-Pro-%E6%95%B4%E5%82%99%E6%B8%88%E8%A3%BD%E5%93%81-18%E3%82%B3%E3%82%A2CPU%E3%81%A840%E3%82%B3%E3%82%A2GPU%E3%82%92%E6%90%AD%E8%BC%89%E3%81%97%E3%81%9FApple-M5-Max%E3%83%81%E3%83%83%E3%83%97-%E3%82%B9%E3%83%9A%E3%83%BC%E3%82%B9%E3%83%96%E3%83%A9%E3%83%83%E3%82%AF?fnode=d8d08b80c84e5188089998ddedf96b015078ecabf9551e7932901242f516a71b56251fa4e9a79aaf4a5bd8a0c5040f6bd993d37eabdc34c10cee412d87cf63f16d4fb7620c6bc47c926a2d49d0caf645
2026-08-01T12:36:53+09:00,macbook-pro,16インチMacBook Pro [整備済製品] 18コアCPUと40コアGPUを搭載したApple M5 Maxチップ、Nano-textureディスプレイ - シルバー,1509800,G1MY9J/A,https://www.apple.com/jp/shop/product/g1my9j/a/16%E3%82%A4%E3%83%B3%E3%83%81MacBook-Pro-%E6%95%B4%E5%82%99%E6%B8%88%E8%A3%BD%E5%93%81-18%E3%82%B3%E3%82%A2CPU%E3%81%A840%E3%82%B3%E3%82%A2GPU%E3%82%92%E6%90%AD%E8%BC%89%E3%81%97%E3%81%9FApple-M5-Max%E3%83%81%E3%83%83%E3%83%97Nano-texture%E3%83%87%E3%82%A3%E3%82%B9%E3%83%97%E3%83%AC%E3%82%A4-%E3%82%B7%E3%83%AB%E3%83%90%E3%83%BC?fnode=d8d08b80c84e5188089998ddedf96b015078ecabf9551e7932901242f516a71b56251fa4e9a79aaf4a5bd8a0c5040f6bd993d37eabdc34c10cee412d87cf63f16d4fb7620c6bc47c926a2d49d0caf645
2026-08-01T12:36:53+09:00,macbook-pro,16インチMacBook Pro [整備済製品] 18コアCPUと40コアGPUを搭載したApple M5 Maxチップ、Nano-textureディスプレイ - スペースブラック,1509800,G1N29J/A,https://www.apple.com/jp/shop/product/g1n29j/a/16%E3%82%A4%E3%83%B3%E3%83%81MacBook-Pro-%E6%95%B4%E5%82%99%E6%B8%88%E8%A3%BD%E5%93%81-18%E3%82%B3%E3%82%A2CPU%E3%81%A840%E3%82%B3%E3%82%A2GPU%E3%82%92%E6%90%AD%E8%BC%89%E3%81%97%E3%81%9FApple-M5-Max%E3%83%81%E3%83%83%E3%83%97Nano-texture%E3%83%87%E3%82%A3%E3%82%B9%E3%83%97%E3%83%AC%E3%82%A4-%E3%82%B9%E3%83%9A%E3%83%BC%E3%82%B9%E3%83%96%E3%83%A9%E3%83%83%E3%82%AF?fnode=d8d08b80c84e5188089998ddedf96b015078ecabf9551e7932901242f516a71b56251fa4e9a79aaf4a5bd8a0c5040f6bd993d37eabdc34c10cee412d87cf63f16d4fb7620c6bc47c926a2d49d0caf645
2026-08-01T12:36:53+09:00,mac-studio,Mac Studio [整備済製品] 32コアCPUと80コアGPUを搭載したApple M3 Ultraチップ,2140800,G1CEMJ/A,https://www.apple.com/jp/shop/product/g1cemj/a/Mac-Studio-%E6%95%B4%E5%82%99%E6%B8%88%E8%A3%BD%E5%93%81-32%E3%82%B3%E3%82%A2CPU%E3%81%A880%E3%82%B3%E3%82%A2GPU%E3%82%92%E6%90%AD%E8%BC%89%E3%81%97%E3%81%9FApple-M3-Ultra%E3%83%81%E3%83%83%E3%83%97?fnode=d8d08b80c84e5188089998ddedf96b015078ecabf9551e7932901242f516a71b56251fa4e9a79aaf4a5bd8a0c5040f6bd993d37eabdc34c10cee412d87cf63f16d4fb7620c6bc47c926a2d49d0caf645
2026-08-01T15:39:51+09:00,macbook-neo,MacBook Neo [整備済製品] Apple A18 Pro チップ - シルバー,102800,FHFA4J/A,https://www.apple.com/jp/shop/product/fhfa4j/a/macbook-neo-%E6%95%B4%E5%82%99%E6%B8%88%E8%A3%BD%E5%93%81-apple-a18-pro-%E3%83%81%E3%83%83%E3%83%97-%E3%82%B7%E3%83%AB%E3%83%90%E3%83%BC?fnode=7905a12fb5f30f17e58450eacd9157066c82f986ed52b2e44ffdcfdde67ed558273141b2ff2b68bf2db814887f2c99facd90fd5f600aa41a4cf2b3e5689ad4d79535562474bbfd88f9b7e53df5307a83
2026-08-01T15:39:51+09:00,macbook-neo,MacBook Neo [整備済製品] Apple A18 Pro チップ - シトラス,102800,FHFD4J/A,https://www.apple.com/jp/shop/product/fhfd4j/a/macbook-neo-%E6%95%B4%E5%82%99%E6%B8%88%E8%A3%BD%E5%93%81-apple-a18-pro-%E3%83%81%E3%83%83%E3%83%97-%E3%82%B7%E3%83%88%E3%83%A9%E3%82%B9?fnode=7905a12fb5f30f17e58450eacd9157066c82f986ed52b2e44ffdcfdde67ed558273141b2ff2b68bf2db814887f2c99facd90fd5f600aa41a4cf2b3e5689ad4d79535562474bbfd88f9b7e53df5307a83
2026-08-01T15:39:51+09:00,macbook-neo,MacBook Neo [整備済製品] Apple A18 Pro チップ - インディゴ,102800,FHFF4J/A,https://www.apple.com/jp/shop/product/fhff4j/a/macbook-neo-%E6%95%B4%E5%82%99%E6%B8%88%E8%A3%BD%E5%93%81-apple-a18-pro-%E3%83%81%E3%83%83%E3%83%97-%E3%82%A4%E3%83%B3%E3%83%87%E3%82%A3%E3%82%B4?fnode=7905a12fb5f30f17e58450eacd9157066c82f986ed52b2e44ffdcfdde67ed558273141b2ff2b68bf2db814887f2c99facd90fd5f600aa41a4cf2b3e5689ad4d79535562474bbfd88f9b7e53df5307a83
2026-08-01T15:39:51+09:00,macbook-neo,MacBook Neo [整備済製品] Apple A18 Pro チップ - ブラッシュ,102800,FHFH4J/A,https://www.apple.com/jp/shop/product/fhfh4j/a/macbook-neo-%E6%95%B4%E5%82%99%E6%B8%88%E8%A3%BD%E5%93%81-apple-a18-pro-%E3%83%81%E3%83%83%E3%83%97-%E3%83%96%E3%83%A9%E3%83%83%E3%82%B7%E3%83%A5?fnode=7905a12fb5f30f17e58450eacd9157066c82f986ed52b2e44ffdcfdde67ed558273141b2ff2b68bf2db814887f2c99facd90fd5f600aa41a4cf2b3e5689ad4d79535562474bbfd88f9b7e53df5307a83
2026-08-01T15:39:51+09:00,macbook-neo,MacBook Neo [整備済製品] Apple A18 Pro チップ、Touch ID - シトラス,116800,FHFE4J/A,https://www.apple.com/jp/shop/product/fhfe4j/a/macbook-neo-%E6%95%B4%E5%82%99%E6%B8%88%E8%A3%BD%E5%93%81-apple-a18-pro-%E3%83%81%E3%83%83%E3%83%97-touch-id-%E3%82%B7%E3%83%88%E3%83%A9%E3%82%B9?fnode=7905a12fb5f30f17e58450eacd9157066c82f986ed52b2e44ffdcfdde67ed558273141b2ff2b68bf2db814887f2c99facd90fd5f600aa41a4cf2b3e5689ad4d79535562474bbfd88f9b7e53df5307a83
2026-08-01T15:39:51+09:00,macbook-neo,MacBook Neo [整備済製品] Apple A18 Pro チップ、Touch ID - シルバー,116800,FHFC4J/A,https://www.apple.com/jp/shop/product/fhfc4j/a/macbook-neo-%E6%95%B4%E5%82%99%E6%B8%88%E8%A3%BD%E5%93%81-apple-a18-pro-%E3%83%81%E3%83%83%E3%83%97-touch-id-%E3%82%B7%E3%83%AB%E3%83%90%E3%83%BC?fnode=7905a12fb5f30f17e58450eacd9157066c82f986ed52b2e44ffdcfdde67ed558273141b2ff2b68bf2db814887f2c99facd90fd5f600aa41a4cf2b3e5689ad4d79535562474bbfd88f9b7e53df5307a83
2026-08-01T15:39:51+09:00,macbook-neo,MacBook Neo [整備済製品] Apple A18 Pro チップ、Touch ID - インディゴ,116800,FHFG4J/A,https://www.apple.com/jp/shop/product/fhfg4j/a/macbook-neo-%E6%95%B4%E5%82%99%E6%B8%88%E8%A3%BD%E5%93%81-apple-a18-pro-%E3%83%81%E3%83%83%E3%83%97-touch-id-%E3%82%A4%E3%83%B3%E3%83%87%E3%82%A3%E3%82%B4?fnode=7905a12fb5f30f17e58450eacd9157066c82f986ed52b2e44ffdcfdde67ed558273141b2ff2b68bf2db814887f2c99facd90fd5f600aa41a4cf2b3e5689ad4d79535562474bbfd88f9b7e53df5307a83
2026-08-01T15:39:51+09:00,macbook-neo,MacBook Neo [整備済製品] Apple A18 Pro チップ、Touch ID - ブラッシュ,116800,FHFJ4J/A,https://www.apple.com/jp/shop/product/fhfj4j/a/13%E3%82%A4%E3%83%B3%E3%83%81macbook-neo-%E3%83%96%E3%83%A9%E3%83%83%E3%82%B7%E3%83%A5?fnode=7905a12fb5f30f17e58450eacd9157066c82f986ed52b2e44ffdcfdde67ed558273141b2ff2b68bf2db814887f2c99facd90fd5f600aa41a4cf2b3e5689ad4d79535562474bbfd88f9b7e53df5307a83
2026-08-01T15:39:51+09:00,imac,24インチiMac [整備済製品] 8コアCPUと8コアGPUを搭載したApple M4チップ - シルバー,210800,FWUC3J/A,https://www.apple.com/jp/shop/product/fwuc3j/a/24%E3%82%A4%E3%83%B3%E3%83%81iMac-%E6%95%B4%E5%82%99%E6%B8%88%E8%A3%BD%E5%93%81-8%E3%82%B3%E3%82%A2CPU%E3%81%A88%E3%82%B3%E3%82%A2GPU%E3%82%92%E6%90%AD%E8%BC%89%E3%81%97%E3%81%9FApple-M4%E3%83%81%E3%83%83%E3%83%97-%E3%82%B7%E3%83%AB%E3%83%90%E3%83%BC?fnode=7905a12fb5f30f17e58450eacd9157066c82f986ed52b2e44ffdcfdde67ed558273141b2ff2b68bf2db814887f2c99facd90fd5f600aa41a4cf2b3e5689ad4d79535562474bbfd88f9b7e53df5307a83
2026-08-01T15:39:51+09:00,imac,24インチiMac [整備済製品] 8コアCPUと8コアGPUを搭載したApple M4チップ - グリーン,210800,FWUE3J/A,https://www.apple.com/jp/shop/product/fwue3j/a/24%E3%82%A4%E3%83%B3%E3%83%81iMac-%E6%95%B4%E5%82%99%E6%B8%88%E8%A3%BD%E5%93%81-8%E3%82%B3%E3%82%A2CPU%E3%81%A88%E3%82%B3%E3%82%A2GPU%E3%82%92%E6%90%AD%E8%BC%89%E3%81%97%E3%81%9FApple-M4%E3%83%81%E3%83%83%E3%83%97-%E3%82%B0%E3%83%AA%E3%83%BC%E3%83%B3?fnode=7905a12fb5f30f17e58450eacd9157066c82f986ed52b2e44ffdcfdde67ed558273141b2ff2b68bf2db814887f2c99facd90fd5f600aa41a4cf2b3e5689ad4d79535562474bbfd88f9b7e53df5307a83
2026-08-01T15:39:51+09:00,imac,24インチiMac [整備済製品] 8コアCPUと8コアGPUを搭載したApple M4チップ - ブルー,210800,FWUF3J/A,https://www.apple.com/jp/shop/product/fwuf3j/a/24%E3%82%A4%E3%83%B3%E3%83%81iMac-%E6%95%B4%E5%82%99%E6%B8%88%E8%A3%BD%E5%93%81-8%E3%82%B3%E3%82%A2CPU%E3%81%A88%E3%82%B3%E3%82%A2GPU%E3%82%92%E6%90%AD%E8%BC%89%E3%81%97%E3%81%9FApple-M4%E3%83%81%E3%83%83%E3%83%97-%E3%83%96%E3%83%AB%E3%83%BC?fnode=7905a12fb5f30f17e58450eacd9157066c82f986ed52b2e44ffdcfdde67ed558273141b2ff2b68bf2db814887f2c99facd90fd5f600aa41a4cf2b3e5689ad4d79535562474bbfd88f9b7e53df5307a83
2026-08-01T15:39:51+09:00,macbook-air,13インチMacBook Air [整備済製品] 10コアCPUと10コアGPUを搭載したApple M4チップ - スターライト,222800,G1CW0J/A,https://www.apple.com/jp/shop/product/g1cw0j/a/13%E3%82%A4%E3%83%B3%E3%83%81MacBook-Air-%5B%E6%95%B4%E5%82%99%E6%B8%88%E8%A3%BD%E5%93%81%5D-10%E3%82%B3%E3%82%A2CPU%E3%81%A810%E3%82%B3%E3%82%A2GPU%E3%82%92%E6%90%AD%E8%BC%89%E3%81%97%E3%81%9FApple-M4%E3%83%81%E3%83%83%E3%83%97-%E3%82%B9%E3%82%BF%E3%83%BC%E3%83%A9%E3%82%A4%E3%83%88?fnode=7905a12fb5f30f17e58450eacd9157066c82f986ed52b2e44ffdcfdde67ed558273141b2ff2b68bf2db814887f2c99facd90fd5f600aa41a4cf2b3e5689ad4d79535562474bbfd88f9b7e53df5307a83
2026-08-01T15:39:51+09:00,macbook-air,13インチMacBook Air [整備済製品] 10コアCPUと10コアGPUを搭載したApple M4チップ - スカイブルー,222800,G1H80J/A,https://www.apple.com/jp/shop/product/g1h80j/a/13%E3%82%A4%E3%83%B3%E3%83%81MacBook-Air-%5B%E6%95%B4%E5%82%99%E6%B8%88%E8%A3%BD%E5%93%81%5D-10%E3%82%B3%E3%82%A2CPU%E3%81%A810%E3%82%B3%E3%82%A2GPU%E3%82%92%E6%90%AD%E8%BC%89%E3%81%97%E3%81%9FApple-M4%E3%83%81%E3%83%83%E3%83%97-%E3%82%B9%E3%82%AB%E3%82%A4%E3%83%96%E3%83%AB%E3%83%BC?fnode=7905a12fb5f30f17e58450eacd9157066c82f986ed52b2e44ffdcfdde67ed558273141b2ff2b68bf2db814887f2c99facd90fd5f600aa41a4cf2b3e5689ad4d79535562474bbfd88f9b7e53df5307a83
2026-08-01T15:39:51+09:00,macbook-air,15インチMacBook Air [整備済製品] 10コアCPUと10コアGPUを搭載したApple M5チップ - シルバー,223800,FDV94J/A,https://www.apple.com/jp/shop/product/fdv94j/a?fnode=7905a12fb5f30f17e58450eacd9157066c82f986ed52b2e44ffdcfdde67ed558273141b2ff2b68bf2db814887f2c99facd90fd5f600aa41a4cf2b3e5689ad4d79535562474bbfd88f9b7e53df5307a83
2026-08-01T15:39:51+09:00,macbook-air,15インチMacBook Air [整備済製品] 10コアCPUと10コアGPUを搭載したApple M5チップ - スターライト,223800,FDVD4J/A,https://www.apple.com/jp/shop/product/fdvd4j/a?fnode=7905a12fb5f30f17e58450eacd9157066c82f986ed52b2e44ffdcfdde67ed558273141b2ff2b68bf2db814887f2c99facd90fd5f600aa41a4cf2b3e5689ad4d79535562474bbfd88f9b7e53df5307a83
2026-08-01T15:39:51+09:00,macbook-air,15インチMacBook Air [整備済製品] 10コアCPUと10コアGPUを搭載したApple M5チップ - ミッドナイト,223800,FDVH4J/A,https://www.apple.com/jp/shop/product/fdvh4j/a?fnode=7905a12fb5f30f17e58450eacd9157066c82f986ed52b2e44ffdcfdde67ed558273141b2ff2b68bf2db814887f2c99facd90fd5f600aa41a4cf2b3e5689ad4d79535562474bbfd88f9b7e53df5307a83
2026-08-01T15:39:51+09:00,macbook-air,15インチMacBook Air [整備済製品] 10コアCPUと10コアGPUを搭載したApple M5チップ - スカイブルー,223800,FDVQ4J/A,https://www.apple.com/jp/shop/product/fdvq4j/a?fnode=7905a12fb5f30f17e58450eacd9157066c82f986ed52b2e44ffdcfdde67ed558273141b2ff2b68bf2db814887f2c99facd90fd5f600aa41a4cf2b3e5689ad4d79535562474bbfd88f9b7e53df5307a83
2026-08-01T15:39:51+09:00,macbook-air,13インチMacBook Air [整備済製品] 10コアCPUと10コアGPUを搭載したApple M5チップ - シルバー,236800,FDH84J/A,https://www.apple.com/jp/shop/product/fdh84j/a?fnode=7905a12fb5f30f17e58450eacd9157066c82f986ed52b2e44ffdcfdde67ed558273141b2ff2b68bf2db814887f2c99facd90fd5f600aa41a4cf2b3e5689ad4d79535562474bbfd88f9b7e53df5307a83
2026-08-01T15:39:51+09:00,macbook-air,13インチMacBook Air [整備済製品] 10コアCPUと10コアGPUを搭載したApple M5チップ - スカイブルー,236800,FDHJ4J/A,https://www.apple.com/jp/shop/product/fdhj4j/a?fnode=7905a12fb5f30f17e58450eacd9157066c82f986ed52b2e44ffdcfdde67ed558273141b2ff2b68bf2db814887f2c99facd90fd5f600aa41a4cf2b3e5689ad4d79535562474bbfd88f9b7e53df5307a83
2026-08-01T15:39:51+09:00,macbook-pro,14インチMacBook Pro [整備済製品] 10コアCPUと10コアGPUを搭載したApple M5チップ - シルバー,244800,FDE44J/A,https://www.apple.com/jp/shop/product/fde44j/a/14%E3%82%A4%E3%83%B3%E3%83%81MacBook-Pro-%E6%95%B4%E5%82%99%E6%B8%88%E8%A3%BD%E5%93%81-10%E3%82%B3%E3%82%A2CPU%E3%81%A810%E3%82%B3%E3%82%A2GPU%E3%82%92%E6%90%AD%E8%BC%89%E3%81%97%E3%81%9FApple-M5%E3%83%81%E3%83%83%E3%83%97-%E3%82%B7%E3%83%AB%E3%83%90%E3%83%BC?fnode=7905a12fb5f30f17e58450eacd9157066c82f986ed52b2e44ffdcfdde67ed558273141b2ff2b68bf2db814887f2c99facd90fd5f600aa41a4cf2b3e5689ad4d79535562474bbfd88f9b7e53df5307a83
2026-08-01T15:39:51+09:00,imac,24インチiMac [整備済製品] 10コアCPUと10コアGPUを搭載したApple M4チップ、ギガビットEthernet - グリーン,244800,FWUY3J/A,https://www.apple.com/jp/shop/product/fwuy3j/a/24%E3%82%A4%E3%83%B3%E3%83%81imac-%E6%95%B4%E5%82%99%E6%B8%88%E8%A3%BD%E5%93%81-10%E3%82%B3%E3%82%A2cpu%E3%81%A810%E3%82%B3%E3%82%A2gpu%E3%82%92%E6%90%AD%E8%BC%89%E3%81%97%E3%81%9Fapple-m4%E3%83%81%E3%83%83%E3%83%97-%E3%82%AE%E3%82%AC%E3%83%93%E3%83%83%E3%83%88ethernet-%E3%82%B0%E3%83%AA%E3%83%BC%E3%83%B3?fnode=7905a12fb5f30f17e58450eacd9157066c82f986ed52b2e44ffdcfdde67ed558273141b2ff2b68bf2db814887f2c99facd90fd5f600aa41a4cf2b3e5689ad4d79535562474bbfd88f9b7e53df5307a83
2026-08-01T15:39:51+09:00,imac,24インチiMac [整備済製品] 10コアCPUと10コアGPUを搭載したApple M4チップ、ギガビットEthernet - ブルー,244800,FWV13J/A,https://www.apple.com/jp/shop/product/fwv13j/a/24%E3%82%A4%E3%83%B3%E3%83%81imac-%E6%95%B4%E5%82%99%E6%B8%88%E8%A3%BD%E5%93%81-10%E3%82%B3%E3%82%A2cpu%E3%81%A810%E3%82%B3%E3%82%A2gpu%E3%82%92%E6%90%AD%E8%BC%89%E3%81%97%E3%81%9Fapple-m4%E3%83%81%E3%83%83%E3%83%97-%E3%82%AE%E3%82%AC%E3%83%93%E3%83%83%E3%83%88ethernet-%E3%83%96%E3%83%AB%E3%83%BC?fnode=7905a12fb5f30f17e58450eacd9157066c82f986ed52b2e44ffdcfdde67ed558273141b2ff2b68bf2db814887f2c99facd90fd5f600aa41a4cf2b3e5689ad4d79535562474bbfd88f9b7e53df5307a83
2026-08-01T15:39:51+09:00,imac,24インチiMac [整備済製品] 10コアCPUと10コアGPUを搭載したApple M4チップ、ギガビットEthernet - ピンク,244800,FWV43J/A,https://www.apple.com/jp/shop/product/fwv43j/a/24%E3%82%A4%E3%83%B3%E3%83%81imac-%E6%95%B4%E5%82%99%E6%B8%88%E8%A3%BD%E5%93%81-10%E3%82%B3%E3%82%A2cpu%E3%81%A810%E3%82%B3%E3%82%A2gpu%E3%82%92%E6%90%AD%E8%BC%89%E3%81%97%E3%81%9Fapple-m4%E3%83%81%E3%83%83%E3%83%97-%E3%82%AE%E3%82%AC%E3%83%93%E3%83%83%E3%83%88ethernet-%E3%83%94%E3%83%B3%E3%82%AF?fnode=7905a12fb5f30f17e58450eacd9157066c82f986ed52b2e44ffdcfdde67ed558273141b2ff2b68bf2db814887f2c99facd90fd5f600aa41a4cf2b3e5689ad4d79535562474bbfd88f9b7e53df5307a83
2026-08-01T15:39:51+09:00,macbook-air,15インチMacBook Air [整備済製品] 10コアCPUと10コアGPUを搭載したApple M5チップ - スターライト,253800,G1LT0J/A,https://www.apple.com/jp/shop/product/g1lt0j/a?fnode=7905a12fb5f30f17e58450eacd9157066c82f986ed52b2e44ffdcfdde67ed558273141b2ff2b68bf2db814887f2c99facd90fd5f600aa41a4cf2b3e5689ad4d79535562474bbfd88f9b7e53df5307a83
2026-08-01T15:39:51+09:00,macbook-air,15インチMacBook Air [整備済製品] 10コアCPUと10コアGPUを搭載したApple M5チップ - ミッドナイト,253800,G1LW0J/A,https://www.apple.com/jp/shop/product/g1lw0j/a?fnode=7905a12fb5f30f17e58450eacd9157066c82f986ed52b2e44ffdcfdde67ed558273141b2ff2b68bf2db814887f2c99facd90fd5f600aa41a4cf2b3e5689ad4d79535562474bbfd88f9b7e53df5307a83
2026-08-01T15:39:51+09:00,macbook-air,15インチMacBook Air [整備済製品] 10コアCPUと10コアGPUを搭載したApple M5チップ - スカイブルー,253800,G1LZ0J/A,https://www.apple.com/jp/shop/product/g1lz0j/a?fnode=7905a12fb5f30f17e58450eacd9157066c82f986ed52b2e44ffdcfdde67ed558273141b2ff2b68bf2db814887f2c99facd90fd5f600aa41a4cf2b3e5689ad4d79535562474bbfd88f9b7e53df5307a83
2026-08-01T15:39:51+09:00,macbook-air,15インチMacBook Air [整備済製品] 10コアCPUと10コアGPUを搭載したApple M4チップ - スターライト,256800,G1DF0J/A,https://www.apple.com/jp/shop/product/g1df0j/a/15%E3%82%A4%E3%83%B3%E3%83%81MacBook-Air-%5B%E6%95%B4%E5%82%99%E6%B8%88%E8%A3%BD%E5%93%81%5D-10%E3%82%B3%E3%82%A2CPU%E3%81%A810%E3%82%B3%E3%82%A2GPU%E3%82%92%E6%90%AD%E8%BC%89%E3%81%97%E3%81%9FApple-M4-%E3%83%81%E3%83%83%E3%83%97-%E3%82%B9%E3%82%BF%E3%83%BC%E3%83%A9%E3%82%A4%E3%83%88?fnode=7905a12fb5f30f17e58450eacd9157066c82f986ed52b2e44ffdcfdde67ed558273141b2ff2b68bf2db814887f2c99facd90fd5f600aa41a4cf2b3e5689ad4d79535562474bbfd88f9b7e53df5307a83
2026-08-01T15:39:51+09:00,macbook-air,15インチMacBook Air [整備済製品] 10コアCPUと10コアGPUを搭載したApple M4チップ - スカイブルー,256800,G1HE0J/A,https://www.apple.com/jp/shop/product/g1he0j/a/15%E3%82%A4%E3%83%B3%E3%83%81MacBook-Air-%5B%E6%95%B4%E5%82%99%E6%B8%88%E8%A3%BD%E5%93%81%5D-10%E3%82%B3%E3%82%A2CPU%E3%81%A810%E3%82%B3%E3%82%A2GPU%E3%82%92%E6%90%AD%E8%BC%89%E3%81%97%E3%81%9FApple-M4-%E3%83%81%E3%83%83%E3%83%97-%E3%82%B9%E3%82%AB%E3%82%A4%E3%83%96%E3%83%AB%E3%83%BC?fnode=7905a12fb5f30f17e58450eacd9157066c82f986ed52b2e44ffdcfdde67ed558273141b2ff2b68bf2db814887f2c99facd90fd5f600aa41a4cf2b3e5689ad4d79535562474bbfd88f9b7e53df5307a83
2026-08-01T15:39:51+09:00,macbook-air,15インチMacBook Air [整備済製品] 10コアCPUと10コアGPUを搭載したApple M5チップ - シルバー,270800,FDVA4J/A,https://www.apple.com/jp/shop/product/fdva4j/a?fnode=7905a12fb5f30f17e58450eacd9157066c82f986ed52b2e44ffdcfdde67ed558273141b2ff2b68bf2db814887f2c99facd90fd5f600aa41a4cf2b3e5689ad4d79535562474bbfd88f9b7e53df5307a83
2026-08-01T15:39:51+09:00,macbook-air,15インチMacBook Air [整備済製品] 10コアCPUと10コアGPUを搭載したApple M5チップ - スターライト,270800,FDVE4J/A,https://www.apple.com/jp/shop/product/fdve4j/a?fnode=7905a12fb5f30f17e58450eacd9157066c82f986ed52b2e44ffdcfdde67ed558273141b2ff2b68bf2db814887f2c99facd90fd5f600aa41a4cf2b3e5689ad4d79535562474bbfd88f9b7e53df5307a83
2026-08-01T15:39:51+09:00,macbook-air,15インチMacBook Air [整備済製品] 10コアCPUと10コアGPUを搭載したApple M5チップ - ミッドナイト,270800,FDVK4J/A,https://www.apple.com/jp/shop/product/fdvk4j/a?fnode=7905a12fb5f30f17e58450eacd9157066c82f986ed52b2e44ffdcfdde67ed558273141b2ff2b68bf2db814887f2c99facd90fd5f600aa41a4cf2b3e5689ad4d79535562474bbfd88f9b7e53df5307a83
2026-08-01T15:39:51+09:00,macbook-air,15インチMacBook Air [整備済製品] 10コアCPUと10コアGPUを搭載したApple M5チップ - スカイブルー,270800,FDVT4J/A,https://www.apple.com/jp/shop/product/fdvt4j/a?fnode=7905a12fb5f30f17e58450eacd9157066c82f986ed52b2e44ffdcfdde67ed558273141b2ff2b68bf2db814887f2c99facd90fd5f600aa41a4cf2b3e5689ad4d79535562474bbfd88f9b7e53df5307a83
2026-08-01T15:39:51+09:00,imac,24インチiMac [整備済製品] 10コアCPUと10コアGPUを搭載したApple M4チップ、ギガビットEthernet - グリーン,275800,FWV03J/A,https://www.apple.com/jp/shop/product/fwv03j/a/24%E3%82%A4%E3%83%B3%E3%83%81imac-%E6%95%B4%E5%82%99%E6%B8%88%E8%A3%BD%E5%93%81-10%E3%82%B3%E3%82%A2cpu%E3%81%A810%E3%82%B3%E3%82%A2gpu%E3%82%92%E6%90%AD%E8%BC%89%E3%81%97%E3%81%9Fapple-m4%E3%83%81%E3%83%83%E3%83%97-%E3%82%AE%E3%82%AC%E3%83%93%E3%83%83%E3%83%88ethernet-%E3%82%B0%E3%83%AA%E3%83%BC%E3%83%B3?fnode=7905a12fb5f30f17e58450eacd9157066c82f986ed52b2e44ffdcfdde67ed558273141b2ff2b68bf2db814887f2c99facd90fd5f600aa41a4cf2b3e5689ad4d79535562474bbfd88f9b7e53df5307a83
2026-08-01T15:39:51+09:00,imac,24インチiMac [整備済製品] 10コアCPUと10コアGPUを搭載したApple M4チップ、ギガビットEthernet - オレンジ,275800,FWV93J/A,https://www.apple.com/jp/shop/product/fwv93j/a/24%E3%82%A4%E3%83%B3%E3%83%81imac-%E6%95%B4%E5%82%99%E6%B8%88%E8%A3%BD%E5%93%81-10%E3%82%B3%E3%82%A2cpu%E3%81%A810%E3%82%B3%E3%82%A2gpu%E3%82%92%E6%90%AD%E8%BC%89%E3%81%97%E3%81%9Fapple-m4%E3%83%81%E3%83%83%E3%83%97-%E3%82%AE%E3%82%AC%E3%83%93%E3%83%83%E3%83%88ethernet-%E3%82%AA%E3%83%AC%E3%83%B3%E3%82%B8?fnode=7905a12fb5f30f17e58450eacd9157066c82f986ed52b2e44ffdcfdde67ed558273141b2ff2b68bf2db814887f2c99facd90fd5f600aa41a4cf2b3e5689ad4d79535562474bbfd88f9b7e53df5307a83
2026-08-01T15:39:51+09:00,imac,24インチiMac [整備済製品] 10コアCPUと10コアGPUを搭載したApple M4チップ、ギガビットEthernet - シルバー,275800,G1EH0J/A,https://www.apple.com/jp/shop/product/g1eh0j/a/24%E3%82%A4%E3%83%B3%E3%83%81imac-%E6%95%B4%E5%82%99%E6%B8%88%E8%A3%BD%E5%93%81-10%E3%82%B3%E3%82%A2cpu%E3%81%A810%E3%82%B3%E3%82%A2gpu%E3%82%92%E6%90%AD%E8%BC%89%E3%81%97%E3%81%9Fapple-m4%E3%83%81%E3%83%83%E3%83%97-%E3%82%AE%E3%82%AC%E3%83%93%E3%83%83%E3%83%88ethernet-%E3%82%B7%E3%83%AB%E3%83%90%E3%83%BC?fnode=7905a12fb5f30f17e58450eacd9157066c82f986ed52b2e44ffdcfdde67ed558273141b2ff2b68bf2db814887f2c99facd90fd5f600aa41a4cf2b3e5689ad4d79535562474bbfd88f9b7e53df5307a83
2026-08-01T15:39:51+09:00,imac,24インチiMac [整備済製品] 10コアCPUと10コアGPUを搭載したApple M4チップ、ギガビットEthernet、Nano-textureガラス - シルバー,275800,G1EH1J/A,https://www.apple.com/jp/shop/product/g1eh1j/a/24%E3%82%A4%E3%83%B3%E3%83%81imac-%E6%95%B4%E5%82%99%E6%B8%88%E8%A3%BD%E5%93%81-10%E3%82%B3%E3%82%A2cpu%E3%81%A810%E3%82%B3%E3%82%A2gpu%E3%82%92%E6%90%AD%E8%BC%89%E3%81%97%E3%81%9Fapple-m4%E3%83%81%E3%83%83%E3%83%97-%E3%82%AE%E3%82%AC%E3%83%93%E3%83%83%E3%83%88ethernet-nano-texture%E3%82%AC%E3%83%A9%E3%82%B9-%E3%82%B7%E3%83%AB%E3%83%90%E3%83%BC?fnode=7905a12fb5f30f17e58450eacd9157066c82f986ed52b2e44ffdcfdde67ed558273141b2ff2b68bf2db814887f2c99facd90fd5f600aa41a4cf2b3e5689ad4d79535562474bbfd88f9b7e53df5307a83
2026-08-01T15:39:51+09:00,imac,24インチiMac [整備済製品] 10コアCPUと10コアGPUを搭載したApple M4チップ、ギガビットEthernet、Nano-textureガラス - イエロー,275800,G1EK1J/A,https://www.apple.com/jp/shop/product/g1ek1j/a/24%E3%82%A4%E3%83%B3%E3%83%81imac-%E6%95%B4%E5%82%99%E6%B8%88%E8%A3%BD%E5%93%81-10%E3%82%B3%E3%82%A2cpu%E3%81%A810%E3%82%B3%E3%82%A2gpu%E3%82%92%E6%90%AD%E8%BC%89%E3%81%97%E3%81%9Fapple-m4%E3%83%81%E3%83%83%E3%83%97-%E3%82%AE%E3%82%AC%E3%83%93%E3%83%83%E3%83%88ethernet-nano-texture%E3%82%AC%E3%83%A9%E3%82%B9-%E3%82%A4%E3%82%A8%E3%83%AD%E3%83%BC?fnode=7905a12fb5f30f17e58450eacd9157066c82f986ed52b2e44ffdcfdde67ed558273141b2ff2b68bf2db814887f2c99facd90fd5f600aa41a4cf2b3e5689ad4d79535562474bbfd88f9b7e53df5307a83
2026-08-01T15:39:51+09:00,imac,24インチiMac [整備済製品] 10コアCPUと10コアGPUを搭載したApple M4チップ、ギガビットEthernet、Nano-textureガラス - ブルー,275800,G1EP1J/A,https://www.apple.com/jp/shop/product/g1ep1j/a/24%E3%82%A4%E3%83%B3%E3%83%81imac-%E6%95%B4%E5%82%99%E6%B8%88%E8%A3%BD%E5%93%81-10%E3%82%B3%E3%82%A2cpu%E3%81%A810%E3%82%B3%E3%82%A2gpu%E3%82%92%E6%90%AD%E8%BC%89%E3%81%97%E3%81%9Fapple-m4%E3%83%81%E3%83%83%E3%83%97-%E3%82%AE%E3%82%AC%E3%83%93%E3%83%83%E3%83%88ethernet-nano-texture%E3%82%AC%E3%83%A9%E3%82%B9-%E3%83%96%E3%83%AB%E3%83%BC?fnode=7905a12fb5f30f17e58450eacd9157066c82f986ed52b2e44ffdcfdde67ed558273141b2ff2b68bf2db814887f2c99facd90fd5f600aa41a4cf2b3e5689ad4d79535562474bbfd88f9b7e53df5307a83
2026-08-01T15:39:51+09:00,imac,24インチiMac [整備済製品] 10コアCPUと10コアGPUを搭載したApple M4チップ、ギガビットEthernet、Nano-textureガラス - ピンク,275800,G1ER1J/A,https://www.apple.com/jp/shop/product/g1er1j/a/24%E3%82%A4%E3%83%B3%E3%83%81imac-%E6%95%B4%E5%82%99%E6%B8%88%E8%A3%BD%E5%93%81-10%E3%82%B3%E3%82%A2cpu%E3%81%A810%E3%82%B3%E3%82%A2gpu%E3%82%92%E6%90%AD%E8%BC%89%E3%81%97%E3%81%9Fapple-m4%E3%83%81%E3%83%83%E3%83%97-%E3%82%AE%E3%82%AC%E3%83%93%E3%83%83%E3%83%88ethernet-nano-texture%E3%82%AC%E3%83%A9%E3%82%B9-%E3%83%94%E3%83%B3%E3%82%AF?fnode=7905a12fb5f30f17e58450eacd9157066c82f986ed52b2e44ffdcfdde67ed558273141b2ff2b68bf2db814887f2c99facd90fd5f600aa41a4cf2b3e5689ad4d79535562474bbfd88f9b7e53df5307a83
2026-08-01T15:39:51+09:00,macbook-pro,14インチMacBook Pro [整備済製品] 10コアCPUと10コアGPUを搭載したApple M5チップ - シルバー,288800,FDE54J/A,https://www.apple.com/jp/shop/product/fde54j/a/14%E3%82%A4%E3%83%B3%E3%83%81MacBook-Pro-%E6%95%B4%E5%82%99%E6%B8%88%E8%A3%BD%E5%93%81-10%E3%82%B3%E3%82%A2CPU%E3%81%A810%E3%82%B3%E3%82%A2GPU%E3%82%92%E6%90%AD%E8%BC%89%E3%81%97%E3%81%9FApple-M5%E3%83%81%E3%83%83%E3%83%97-%E3%82%B7%E3%83%AB%E3%83%90%E3%83%BC?fnode=7905a12fb5f30f17e58450eacd9157066c82f986ed52b2e44ffdcfdde67ed558273141b2ff2b68bf2db814887f2c99facd90fd5f600aa41a4cf2b3e5689ad4d79535562474bbfd88f9b7e53df5307a83
2026-08-01T15:39:51+09:00,macbook-air,15インチMacBook Air [整備済製品] 10コアCPUと10コアGPUを搭載したApple M5チップ - シルバー,301800,FDVC4J/A,https://www.apple.com/jp/shop/product/fdvc4j/a?fnode=7905a12fb5f30f17e58450eacd9157066c82f986ed52b2e44ffdcfdde67ed558273141b2ff2b68bf2db814887f2c99facd90fd5f600aa41a4cf2b3e5689ad4d79535562474bbfd88f9b7e53df5307a83
2026-08-01T15:39:51+09:00,macbook-air,15インチMacBook Air [整備済製品] 10コアCPUと10コアGPUを搭載したApple M5チップ - スターライト,301800,FDVF4J/A,https://www.apple.com/jp/shop/product/fdvf4j/a?fnode=7905a12fb5f30f17e58450eacd9157066c82f986ed52b2e44ffdcfdde67ed558273141b2ff2b68bf2db814887f2c99facd90fd5f600aa41a4cf2b3e5689ad4d79535562474bbfd88f9b7e53df5307a83
2026-08-01T15:39:51+09:00,macbook-air,15インチMacBook Air [整備済製品] 10コアCPUと10コアGPUを搭載したApple M5チップ - ミッドナイト,301800,FDVN4J/A,https://www.apple.com/jp/shop/product/fdvn4j/a?fnode=7905a12fb5f30f17e58450eacd9157066c82f986ed52b2e44ffdcfdde67ed558273141b2ff2b68bf2db814887f2c99facd90fd5f600aa41a4cf2b3e5689ad4d79535562474bbfd88f9b7e53df5307a83
2026-08-01T15:39:51+09:00,macbook-air,15インチMacBook Air [整備済製品] 10コアCPUと10コアGPUを搭載したApple M5チップ - スカイブルー,301800,FDVU4J/A,https://www.apple.com/jp/shop/product/fdvu4j/a?fnode=7905a12fb5f30f17e58450eacd9157066c82f986ed52b2e44ffdcfdde67ed558273141b2ff2b68bf2db814887f2c99facd90fd5f600aa41a4cf2b3e5689ad4d79535562474bbfd88f9b7e53df5307a83
2026-08-01T15:39:51+09:00,macbook-pro,14インチMacBook Pro [整備済製品] 10コアCPUと10コアGPUを搭載したApple M5チップ、 Nano-textureディスプレイ - スペースブラック,311800,G1KJ2J/A,https://www.apple.com/jp/shop/product/g1kj2j/a/14%E3%82%A4%E3%83%B3%E3%83%81MacBook-Pro-%E6%95%B4%E5%82%99%E6%B8%88%E8%A3%BD%E5%93%81-10%E3%82%B3%E3%82%A2CPU%E3%81%A810%E3%82%B3%E3%82%A2GPU%E3%82%92%E6%90%AD%E8%BC%89%E3%81%97%E3%81%9FApple-M5%E3%83%81%E3%83%83%E3%83%97-Nano-texture%E3%83%87%E3%82%A3%E3%82%B9%E3%83%97%E3%83%AC%E3%82%A4-%E3%82%B9%E3%83%9A%E3%83%BC%E3%82%B9%E3%83%96%E3%83%A9%E3%83%83%E3%82%AF?fnode=7905a12fb5f30f17e58450eacd9157066c82f986ed52b2e44ffdcfdde67ed558273141b2ff2b68bf2db814887f2c99facd90fd5f600aa41a4cf2b3e5689ad4d79535562474bbfd88f9b7e53df5307a83
2026-08-01T15:39:51+09:00,macbook-air,15インチMacBook Air [整備済製品] 10コアCPUと10コアGPUを搭載したApple M5チップ - ミッドナイト,346800,G1LX0J/A,https://www.apple.com/jp/shop/product/g1lx0j/a?fnode=7905a12fb5f30f17e58450eacd9157066c82f986ed52b2e44ffdcfdde67ed558273141b2ff2b68bf2db814887f2c99facd90fd5f600aa41a4cf2b3e5689ad4d79535562474bbfd88f9b7e53df5307a83
2026-08-01T15:39:51+09:00,imac,24インチiMac [整備済製品] 10コアCPUと10コアGPUを搭載したApple M4チップ、ギガビットEthernet、Nano-textureガラス - イエロー,351800,G1EL3J/A,https://www.apple.com/jp/shop/product/g1el3j/a/24%E3%82%A4%E3%83%B3%E3%83%81imac-%E6%95%B4%E5%82%99%E6%B8%88%E8%A3%BD%E5%93%81-10%E3%82%B3%E3%82%A2cpu%E3%81%A810%E3%82%B3%E3%82%A2gpu%E3%82%92%E6%90%AD%E8%BC%89%E3%81%97%E3%81%9Fapple-m4%E3%83%81%E3%83%83%E3%83%97-%E3%82%AE%E3%82%AC%E3%83%93%E3%83%83%E3%83%88ethernet-nano-texture%E3%82%AC%E3%83%A9%E3%82%B9-%E3%82%A4%E3%82%A8%E3%83%AD%E3%83%BC?fnode=7905a12fb5f30f17e58450eacd9157066c82f986ed52b2e44ffdcfdde67ed558273141b2ff2b68bf2db814887f2c99facd90fd5f600aa41a4cf2b3e5689ad4d79535562474bbfd88f9b7e53df5307a83
2026-08-01T15:39:51+09:00,macbook-pro,14インチMacBook Pro [整備済製品] 15コアCPUと16コアGPUを搭載したApple M5 Proチップ - スペースブラック,363800,FGDR4J/A,https://www.apple.com/jp/shop/product/fgdr4j/a/14%E3%82%A4%E3%83%B3%E3%83%81MacBook-Pro-%E6%95%B4%E5%82%99%E6%B8%88%E8%A3%BD%E5%93%81-15%E3%82%B3%E3%82%A2CPU%E3%81%A816%E3%82%B3%E3%82%A2GPU%E3%82%92%E6%90%AD%E8%BC%89%E3%81%97%E3%81%9FApple-M5-Pro%E3%83%81%E3%83%83%E3%83%97-%E3%82%B9%E3%83%9A%E3%83%BC%E3%82%B9%E3%83%96%E3%83%A9%E3%83%83%E3%82%AF?fnode=7905a12fb5f30f17e58450eacd9157066c82f986ed52b2e44ffdcfdde67ed558273141b2ff2b68bf2db814887f2c99facd90fd5f600aa41a4cf2b3e5689ad4d79535562474bbfd88f9b7e53df5307a83
2026-08-01T15:39:51+09:00,macbook-pro,14インチMacBook Pro [整備済製品] 15コアCPUと16コアGPUを搭載したApple M5 Proチップ - シルバー,363800,FGDN4J/A,https://www.apple.com/jp/shop/product/fgdn4j/a/14%E3%82%A4%E3%83%B3%E3%83%81MacBook-Pro-%E6%95%B4%E5%82%99%E6%B8%88%E8%A3%BD%E5%93%81-15%E3%82%B3%E3%82%A2CPU%E3%81%A816%E3%82%B3%E3%82%A2GPU%E3%82%92%E6%90%AD%E8%BC%89%E3%81%97%E3%81%9FApple-M5-Pro%E3%83%81%E3%83%83%E3%83%97-%E3%82%B7%E3%83%AB%E3%83%90%E3%83%BC?fnode=7905a12fb5f30f17e58450eacd9157066c82f986ed52b2e44ffdcfdde67ed558273141b2ff2b68bf2db814887f2c99facd90fd5f600aa41a4cf2b3e5689ad4d79535562474bbfd88f9b7e53df5307a83
2026-08-01T15:39:51+09:00,macbook-pro,14インチMacBook Pro [整備済製品] 14コアCPUと20コアGPUを搭載したApple M4 Proチップ - スペースブラック,379800,FX2J3J/A,https://www.apple.com/jp/shop/product/fx2j3j/a/14%E3%82%A4%E3%83%B3%E3%83%81MacBook-Pro-%E6%95%B4%E5%82%99%E6%B8%88%E8%A3%BD%E5%93%81-14%E3%82%B3%E3%82%A2CPU%E3%81%A820%E3%82%B3%E3%82%A2GPU%E3%82%92%E6%90%AD%E8%BC%89%E3%81%97%E3%81%9FApple-M4-Pro%E3%83%81%E3%83%83%E3%83%97-%E3%82%B9%E3%83%9A%E3%83%BC%E3%82%B9%E3%83%96%E3%83%A9%E3%83%83%E3%82%AF?fnode=7905a12fb5f30f17e58450eacd9157066c82f986ed52b2e44ffdcfdde67ed558273141b2ff2b68bf2db814887f2c99facd90fd5f600aa41a4cf2b3e5689ad4d79535562474bbfd88f9b7e53df5307a83
2026-08-01T15:39:51+09:00,macbook-pro,16インチMacBook Pro [整備済製品] 14コアCPUと20コアGPUを搭載したApple M4 Proチップ - シルバー,382800,FX2T3J/A,https://www.apple.com/jp/shop/product/fx2t3j/a/16%E3%82%A4%E3%83%B3%E3%83%81MacBook-Pro-%E6%95%B4%E5%82%99%E6%B8%88%E8%A3%BD%E5%93%81-14%E3%82%B3%E3%82%A2CPU%E3%81%A820%E3%82%B3%E3%82%A2GPU%E3%82%92%E6%90%AD%E8%BC%89%E3%81%97%E3%81%9FApple-M4-Pro%E3%83%81%E3%83%83%E3%83%97-%E3%82%B7%E3%83%AB%E3%83%90%E3%83%BC?fnode=7905a12fb5f30f17e58450eacd9157066c82f986ed52b2e44ffdcfdde67ed558273141b2ff2b68bf2db814887f2c99facd90fd5f600aa41a4cf2b3e5689ad4d79535562474bbfd88f9b7e53df5307a83
2026-08-01T15:39:51+09:00,macbook-pro,16インチMacBook Pro [整備済製品] 14コアCPUと20コアGPUを搭載したApple M4 Proチップ - スペースブラック,382800,FX2X3J/A,https://www.apple.com/jp/shop/product/fx2x3j/a/16%E3%82%A4%E3%83%B3%E3%83%81MacBook-Pro-%E6%95%B4%E5%82%99%E6%B8%88%E8%A3%BD%E5%93%81-14%E3%82%B3%E3%82%A2CPU%E3%81%A820%E3%82%B3%E3%82%A2GPU%E3%82%92%E6%90%AD%E8%BC%89%E3%81%97%E3%81%9FApple-M4-Pro%E3%83%81%E3%83%83%E3%83%97-%E3%82%B9%E3%83%9A%E3%83%BC%E3%82%B9%E3%83%96%E3%83%A9%E3%83%83%E3%82%AF?fnode=7905a12fb5f30f17e58450eacd9157066c82f986ed52b2e44ffdcfdde67ed558273141b2ff2b68bf2db814887f2c99facd90fd5f600aa41a4cf2b3e5689ad4d79535562474bbfd88f9b7e53df5307a83
2026-08-01T15:39:51+09:00,macbook-pro,14インチMacBook Pro [整備済製品] 15コアCPUと16コアGPUを搭載したApple M5 Proチップ、Nano-textureディスプレイ - シルバー,386800,G1MH0J/A,https://www.apple.com/jp/shop/product/g1mh0j/a/14%E3%82%A4%E3%83%B3%E3%83%81MacBook-Pro-%E6%95%B4%E5%82%99%E6%B8%88%E8%A3%BD%E5%93%81-15%E3%82%B3%E3%82%A2CPU%E3%81%A816%E3%82%B3%E3%82%A2GPU%E3%82%92%E6%90%AD%E8%BC%89%E3%81%97%E3%81%9FApple-M5-Pro%E3%83%81%E3%83%83%E3%83%97Nano-texture%E3%83%87%E3%82%A3%E3%82%B9%E3%83%97%E3%83%AC%E3%82%A4-%E3%82%B7%E3%83%AB%E3%83%90%E3%83%BC?fnode=7905a12fb5f30f17e58450eacd9157066c82f986ed52b2e44ffdcfdde67ed558273141b2ff2b68bf2db814887f2c99facd90fd5f600aa41a4cf2b3e5689ad4d79535562474bbfd88f9b7e53df5307a83
2026-08-01T15:39:51+09:00,macbook-pro,14インチMacBook Pro [整備済製品] 10コアCPUと10コアGPUを搭載したApple M5チップ、 Nano-textureディスプレイ - スペースブラック,387800,G1KJ3J/A,https://www.apple.com/jp/shop/product/g1kj3j/a/14%E3%82%A4%E3%83%B3%E3%83%81MacBook-Pro-%E6%95%B4%E5%82%99%E6%B8%88%E8%A3%BD%E5%93%81-10%E3%82%B3%E3%82%A2CPU%E3%81%A810%E3%82%B3%E3%82%A2GPU%E3%82%92%E6%90%AD%E8%BC%89%E3%81%97%E3%81%9FApple-M5%E3%83%81%E3%83%83%E3%83%97-Nano-texture%E3%83%87%E3%82%A3%E3%82%B9%E3%83%97%E3%83%AC%E3%82%A4-%E3%82%B9%E3%83%9A%E3%83%BC%E3%82%B9%E3%83%96%E3%83%A9%E3%83%83%E3%82%AF?fnode=7905a12fb5f30f17e58450eacd9157066c82f986ed52b2e44ffdcfdde67ed558273141b2ff2b68bf2db814887f2c99facd90fd5f600aa41a4cf2b3e5689ad4d79535562474bbfd88f9b7e53df5307a83
2026-08-01T15:39:51+09:00,imac,24インチiMac [整備済製品] 10コアCPUと10コアGPUを搭載したApple M4チップ、ギガビットEthernet - シルバー,397800,G1EJ1J/A,https://www.apple.com/jp/shop/product/g1ej1j/a/24%E3%82%A4%E3%83%B3%E3%83%81imac-%E6%95%B4%E5%82%99%E6%B8%88%E8%A3%BD%E5%93%81-10%E3%82%B3%E3%82%A2cpu%E3%81%A810%E3%82%B3%E3%82%A2gpu%E3%82%92%E6%90%AD%E8%BC%89%E3%81%97%E3%81%9Fapple-m4%E3%83%81%E3%83%83%E3%83%97-%E3%82%AE%E3%82%AC%E3%83%93%E3%83%83%E3%83%88ethernet-%E3%82%B7%E3%83%AB%E3%83%90%E3%83%BC?fnode=7905a12fb5f30f17e58450eacd9157066c82f986ed52b2e44ffdcfdde67ed558273141b2ff2b68bf2db814887f2c99facd90fd5f600aa41a4cf2b3e5689ad4d79535562474bbfd88f9b7e53df5307a83
2026-08-01T15:39:51+09:00,macbook-pro,16インチMacBook Pro [整備済製品] 14コアCPUと20コアGPUを搭載したApple M4 Proチップ、Nano-textureディスプレイ - シルバー,405800,G1FP3J/A,https://www.apple.com/jp/shop/product/g1fp3j/a/16%E3%82%A4%E3%83%B3%E3%83%81MacBook-Pro-%E6%95%B4%E5%82%99%E6%B8%88%E8%A3%BD%E5%93%81-14%E3%82%B3%E3%82%A2CPU%E3%81%A820%E3%82%B3%E3%82%A2GPU%E3%82%92%E6%90%AD%E8%BC%89%E3%81%97%E3%81%9FApple-M4-Pro%E3%83%81%E3%83%83%E3%83%97Nano-texture%E3%83%87%E3%82%A3%E3%82%B9%E3%83%97%E3%83%AC%E3%82%A4-%E3%82%B7%E3%83%AB%E3%83%90%E3%83%BC?fnode=7905a12fb5f30f17e58450eacd9157066c82f986ed52b2e44ffdcfdde67ed558273141b2ff2b68bf2db814887f2c99facd90fd5f600aa41a4cf2b3e5689ad4d79535562474bbfd88f9b7e53df5307a83
2026-08-01T15:39:51+09:00,macbook-pro,16インチMacBook Pro [整備済製品] 14コアCPUと20コアGPUを搭載したApple M4 Proチップ、Nano-textureディスプレイ - スペースブラック,405800,G1FT3J/A,https://www.apple.com/jp/shop/product/g1ft3j/a/16%E3%82%A4%E3%83%B3%E3%83%81MacBook-Pro-%E6%95%B4%E5%82%99%E6%B8%88%E8%A3%BD%E5%93%81-14%E3%82%B3%E3%82%A2CPU%E3%81%A820%E3%82%B3%E3%82%A2GPU%E3%82%92%E6%90%AD%E8%BC%89%E3%81%97%E3%81%9FApple-M4-Pro%E3%83%81%E3%83%83%E3%83%97Nano-texture%E3%83%87%E3%82%A3%E3%82%B9%E3%83%97%E3%83%AC%E3%82%A4-%E3%82%B9%E3%83%9A%E3%83%BC%E3%82%B9%E3%83%96%E3%83%A9%E3%83%83%E3%82%AF?fnode=7905a12fb5f30f17e58450eacd9157066c82f986ed52b2e44ffdcfdde67ed558273141b2ff2b68bf2db814887f2c99facd90fd5f600aa41a4cf2b3e5689ad4d79535562474bbfd88f9b7e53df5307a83
2026-08-01T15:39:51+09:00,display,Studio Display XDR [整備済製品] - 標準ガラス - VESAマウントアダプタ,406800,FFEN4J/A,https://www.apple.com/jp/shop/product/ffen4j/a/Studio-Display-XDR-%E6%95%B4%E5%82%99%E6%B8%88%E8%A3%BD%E5%93%81-%E6%A8%99%E6%BA%96%E3%82%AC%E3%83%A9%E3%82%B9-VESA%E3%83%9E%E3%82%A6%E3%83%B3%E3%83%88%E3%82%A2%E3%83%80%E3%83%97%E3%82%BF?fnode=7905a12fb5f30f17e58450eacd9157066c82f986ed52b2e44ffdcfdde67ed558273141b2ff2b68bf2db814887f2c99facd90fd5f600aa41a4cf2b3e5689ad4d79535562474bbfd88f9b7e53df5307a83
2026-08-01T15:39:51+09:00,imac,24インチiMac [整備済製品] 10コアCPUと10コアGPUを搭載したApple M4チップ、ギガビットEthernet - ピンク,428800,G1K63J/A,https://www.apple.com/jp/shop/product/g1k63j/a/24%E3%82%A4%E3%83%B3%E3%83%81imac-%E6%95%B4%E5%82%99%E6%B8%88%E8%A3%BD%E5%93%81-10%E3%82%B3%E3%82%A2cpu%E3%81%A810%E3%82%B3%E3%82%A2gpu%E3%82%92%E6%90%AD%E8%BC%89%E3%81%97%E3%81%9Fapple-m4%E3%83%81%E3%83%83%E3%83%97-%E3%82%AE%E3%82%AC%E3%83%93%E3%83%83%E3%83%88ethernet-%E3%83%94%E3%83%B3%E3%82%AF?fnode=7905a12fb5f30f17e58450eacd9157066c82f986ed52b2e44ffdcfdde67ed558273141b2ff2b68bf2db814887f2c99facd90fd5f600aa41a4cf2b3e5689ad4d79535562474bbfd88f9b7e53df5307a83
2026-08-01T15:39:51+09:00,macbook-pro,14インチMacBook Pro [整備済製品] 15コアCPUと16コアGPUを搭載したApple M5 Proチップ - シルバー,439800,G1MHAJ/A,https://www.apple.com/jp/shop/product/g1mhaj/a/14%E3%82%A4%E3%83%B3%E3%83%81MacBook-Pro-%E6%95%B4%E5%82%99%E6%B8%88%E8%A3%BD%E5%93%81-15%E3%82%B3%E3%82%A2CPU%E3%81%A816%E3%82%B3%E3%82%A2GPU%E3%82%92%E6%90%AD%E8%BC%89%E3%81%97%E3%81%9FApple-M5-Pro%E3%83%81%E3%83%83%E3%83%97-%E3%82%B7%E3%83%AB%E3%83%90%E3%83%BC?fnode=7905a12fb5f30f17e58450eacd9157066c82f986ed52b2e44ffdcfdde67ed558273141b2ff2b68bf2db814887f2c99facd90fd5f600aa41a4cf2b3e5689ad4d79535562474bbfd88f9b7e53df5307a83
2026-08-01T15:39:51+09:00,macbook-pro,14インチMacBook Pro [整備済製品] 15コアCPUと16コアGPUを搭載したApple M5 Proチップ - スペースブラック,439800,G1MLAJ/A,https://www.apple.com/jp/shop/product/g1mlaj/a/14%E3%82%A4%E3%83%B3%E3%83%81MacBook-Pro-%E6%95%B4%E5%82%99%E6%B8%88%E8%A3%BD%E5%93%81-15%E3%82%B3%E3%82%A2CPU%E3%81%A816%E3%82%B3%E3%82%A2GPU%E3%82%92%E6%90%AD%E8%BC%89%E3%81%97%E3%81%9FApple-M5-Pro%E3%83%81%E3%83%83%E3%83%97-%E3%82%B9%E3%83%9A%E3%83%BC%E3%82%B9%E3%83%96%E3%83%A9%E3%83%83%E3%82%AF?fnode=7905a12fb5f30f17e58450eacd9157066c82f986ed52b2e44ffdcfdde67ed558273141b2ff2b68bf2db814887f2c99facd90fd5f600aa41a4cf2b3e5689ad4d79535562474bbfd88f9b7e53df5307a83
2026-08-01T15:39:51+09:00,macbook-pro,16インチMacBook Pro [整備済製品] 18コアCPUと20コアGPUを搭載したApple M5 Proチップ - シルバー,441800,FGE44J/A,https://www.apple.com/jp/shop/product/fge44j/a/16%E3%82%A4%E3%83%B3%E3%83%81MacBook-Pro-%E6%95%B4%E5%82%99%E6%B8%88%E8%A3%BD%E5%93%81-18%E3%82%B3%E3%82%A2CPU%E3%81%A820%E3%82%B3%E3%82%A2GPU%E3%82%92%E6%90%AD%E8%BC%89%E3%81%97%E3%81%9FApple-M5-Pro%E3%83%81%E3%83%83%E3%83%97-%E3%82%B7%E3%83%AB%E3%83%90%E3%83%BC?fnode=7905a12fb5f30f17e58450eacd9157066c82f986ed52b2e44ffdcfdde67ed558273141b2ff2b68bf2db814887f2c99facd90fd5f600aa41a4cf2b3e5689ad4d79535562474bbfd88f9b7e53df5307a83
2026-08-01T15:39:51+09:00,macbook-pro,16インチMacBook Pro [整備済製品] 18コアCPUと20コアGPUを搭載したApple M5 Proチップ - スペースブラック,441800,FGEA4J/A,https://www.apple.com/jp/shop/product/fgea4j/a/16%E3%82%A4%E3%83%B3%E3%83%81MacBook-Pro-%E6%95%B4%E5%82%99%E6%B8%88%E8%A3%BD%E5%93%81-18%E3%82%B3%E3%82%A2CPU%E3%81%A820%E3%82%B3%E3%82%A2GPU%E3%82%92%E6%90%AD%E8%BC%89%E3%81%97%E3%81%9FApple-M5-Pro%E3%83%81%E3%83%83%E3%83%97-%E3%82%B9%E3%83%9A%E3%83%BC%E3%82%B9%E3%83%96%E3%83%A9%E3%83%83%E3%82%AF?fnode=7905a12fb5f30f17e58450eacd9157066c82f986ed52b2e44ffdcfdde67ed558273141b2ff2b68bf2db814887f2c99facd90fd5f600aa41a4cf2b3e5689ad4d79535562474bbfd88f9b7e53df5307a83
2026-08-01T15:39:51+09:00,display,Studio Display XDR [整備済製品] - Nano-textureガラス - VESAマウントアダプタ,449800,FFEQ4J/A,https://www.apple.com/jp/shop/product/ffeq4j/a/nano-texture-%E3%82%AC%E3%83%A9%E3%82%B9-vesa-%E3%83%9E%E3%82%A6%E3%83%B3%E3%83%88-%E3%82%A2%E3%83%80%E3%83%97%E3%82%BF?fnode=7905a12fb5f30f17e58450eacd9157066c82f986ed52b2e44ffdcfdde67ed558273141b2ff2b68bf2db814887f2c99facd90fd5f600aa41a4cf2b3e5689ad4d79535562474bbfd88f9b7e53df5307a83
2026-08-01T15:39:51+09:00,macbook-pro,16インチMacBook Pro [整備済製品] 14コアCPUと20コアGPUを搭載したApple M4 Proチップ、Nano-textureディスプレイ - シルバー,451800,G1FP4J/A,https://www.apple.com/jp/shop/product/g1fp4j/a/16%E3%82%A4%E3%83%B3%E3%83%81MacBook-Pro-%E6%95%B4%E5%82%99%E6%B8%88%E8%A3%BD%E5%93%81-14%E3%82%B3%E3%82%A2CPU%E3%81%A820%E3%82%B3%E3%82%A2GPU%E3%82%92%E6%90%AD%E8%BC%89%E3%81%97%E3%81%9FApple-M4-Pro%E3%83%81%E3%83%83%E3%83%97Nano-texture%E3%83%87%E3%82%A3%E3%82%B9%E3%83%97%E3%83%AC%E3%82%A4-%E3%82%B7%E3%83%AB%E3%83%90%E3%83%BC?fnode=7905a12fb5f30f17e58450eacd9157066c82f986ed52b2e44ffdcfdde67ed558273141b2ff2b68bf2db814887f2c99facd90fd5f600aa41a4cf2b3e5689ad4d79535562474bbfd88f9b7e53df5307a83
2026-08-01T15:39:51+09:00,macbook-pro,16インチMacBook Pro [整備済製品] 14コアCPUと20コアGPUを搭載したApple M4 Proチップ、Nano-textureディスプレイ - スペースブラック,451800,G1FT4J/A,https://www.apple.com/jp/shop/product/g1ft4j/a/16%E3%82%A4%E3%83%B3%E3%83%81MacBook-Pro-%E6%95%B4%E5%82%99%E6%B8%88%E8%A3%BD%E5%93%81-14%E3%82%B3%E3%82%A2CPU%E3%81%A820%E3%82%B3%E3%82%A2GPU%E3%82%92%E6%90%AD%E8%BC%89%E3%81%97%E3%81%9FApple-M4-Pro%E3%83%81%E3%83%83%E3%83%97Nano-texture%E3%83%87%E3%82%A3%E3%82%B9%E3%83%97%E3%83%AC%E3%82%A4-%E3%82%B9%E3%83%9A%E3%83%BC%E3%82%B9%E3%83%96%E3%83%A9%E3%83%83%E3%82%AF?fnode=7905a12fb5f30f17e58450eacd9157066c82f986ed52b2e44ffdcfdde67ed558273141b2ff2b68bf2db814887f2c99facd90fd5f600aa41a4cf2b3e5689ad4d79535562474bbfd88f9b7e53df5307a83
2026-08-01T15:39:51+09:00,macbook-pro,14インチMacBook Pro [整備済製品] 15コアCPUと16コアGPUを搭載したApple M5 Proチップ - シルバー,455800,G1MHEJ/A,https://www.apple.com/jp/shop/product/g1mhej/a/14%E3%82%A4%E3%83%B3%E3%83%81MacBook-Pro-%E6%95%B4%E5%82%99%E6%B8%88%E8%A3%BD%E5%93%81-15%E3%82%B3%E3%82%A2CPU%E3%81%A816%E3%82%B3%E3%82%A2GPU%E3%82%92%E6%90%AD%E8%BC%89%E3%81%97%E3%81%9FApple-M5-Pro%E3%83%81%E3%83%83%E3%83%97-%E3%82%B7%E3%83%AB%E3%83%90%E3%83%BC?fnode=7905a12fb5f30f17e58450eacd9157066c82f986ed52b2e44ffdcfdde67ed558273141b2ff2b68bf2db814887f2c99facd90fd5f600aa41a4cf2b3e5689ad4d79535562474bbfd88f9b7e53df5307a83
2026-08-01T15:39:51+09:00,macbook-pro,14インチMacBook Pro [整備済製品] 15コアCPUと16コアGPUを搭載したApple M5 Proチップ - スペースブラック,455800,G1MLEJ/A,https://www.apple.com/jp/shop/product/g1mlej/a/14%E3%82%A4%E3%83%B3%E3%83%81MacBook-Pro-%E6%95%B4%E5%82%99%E6%B8%88%E8%A3%BD%E5%93%81-15%E3%82%B3%E3%82%A2CPU%E3%81%A816%E3%82%B3%E3%82%A2GPU%E3%82%92%E6%90%AD%E8%BC%89%E3%81%97%E3%81%9FApple-M5-Pro%E3%83%81%E3%83%83%E3%83%97-%E3%82%B9%E3%83%9A%E3%83%BC%E3%82%B9%E3%83%96%E3%83%A9%E3%83%83%E3%82%AF?fnode=7905a12fb5f30f17e58450eacd9157066c82f986ed52b2e44ffdcfdde67ed558273141b2ff2b68bf2db814887f2c99facd90fd5f600aa41a4cf2b3e5689ad4d79535562474bbfd88f9b7e53df5307a83
2026-08-01T15:39:51+09:00,macbook-pro,16インチMacBook Pro [整備済製品] 18コアCPUと20コアGPUを搭載したApple M5 Proチップ、Nano-textureディスプレイ - シルバー,464800,G1MV0J/A,https://www.apple.com/jp/shop/product/g1mv0j/a/16%E3%82%A4%E3%83%B3%E3%83%81MacBook-Pro-%E6%95%B4%E5%82%99%E6%B8%88%E8%A3%BD%E5%93%81-18%E3%82%B3%E3%82%A2CPU%E3%81%A820%E3%82%B3%E3%82%A2GPU%E3%82%92%E6%90%AD%E8%BC%89%E3%81%97%E3%81%9FApple-M5-Pro%E3%83%81%E3%83%83%E3%83%97Nano-texture%E3%83%87%E3%82%A3%E3%82%B9%E3%83%97%E3%83%AC%E3%82%A4-%E3%82%B7%E3%83%AB%E3%83%90%E3%83%BC?fnode=7905a12fb5f30f17e58450eacd9157066c82f986ed52b2e44ffdcfdde67ed558273141b2ff2b68bf2db814887f2c99facd90fd5f600aa41a4cf2b3e5689ad4d79535562474bbfd88f9b7e53df5307a83
2026-08-01T15:39:51+09:00,macbook-pro,16インチMacBook Pro [整備済製品] 18コアCPUと20コアGPUを搭載したApple M5 Proチップ、Nano-textureディスプレイ - スペースブラック,464800,G1MZ0J/A,https://www.apple.com/jp/shop/product/g1mz0j/a/16%E3%82%A4%E3%83%B3%E3%83%81MacBook-Pro-%E6%95%B4%E5%82%99%E6%B8%88%E8%A3%BD%E5%93%81-18%E3%82%B3%E3%82%A2CPU%E3%81%A820%E3%82%B3%E3%82%A2GPU%E3%82%92%E6%90%AD%E8%BC%89%E3%81%97%E3%81%9FApple-M5-Pro%E3%83%81%E3%83%83%E3%83%97Nano-texture%E3%83%87%E3%82%A3%E3%82%B9%E3%83%97%E3%83%AC%E3%82%A4-%E3%82%B9%E3%83%9A%E3%83%BC%E3%82%B9%E3%83%96%E3%83%A9%E3%83%83%E3%82%AF?fnode=7905a12fb5f30f17e58450eacd9157066c82f986ed52b2e44ffdcfdde67ed558273141b2ff2b68bf2db814887f2c99facd90fd5f600aa41a4cf2b3e5689ad4d79535562474bbfd88f9b7e53df5307a83
2026-08-01T15:39:51+09:00,display,Studio Display XDR [整備済製品] - 標準ガラス - 傾きと高さを調整できるスタンド,465800,FFEL4J/A,https://www.apple.com/jp/shop/product/ffel4j/a/%E6%A8%99%E6%BA%96-%E3%82%AC%E3%83%A9%E3%82%B9-%E5%82%BE%E3%81%8D-%E9%AB%98%E3%81%95-%E8%AA%BF%E6%95%B4%E3%81%A7%E3%81%8D%E3%82%8B-%E3%82%B9%E3%82%BF%E3%83%B3%E3%83%89?fnode=7905a12fb5f30f17e58450eacd9157066c82f986ed52b2e44ffdcfdde67ed558273141b2ff2b68bf2db814887f2c99facd90fd5f600aa41a4cf2b3e5689ad4d79535562474bbfd88f9b7e53df5307a83
2026-08-01T15:39:51+09:00,macbook-pro,14インチMacBook Pro [整備済製品] 18コアCPUと20コアGPUを搭載したApple M5 Proチップ - シルバー,466800,FGDP4J/A,https://www.apple.com/jp/shop/product/fgdp4j/a/14%E3%82%A4%E3%83%B3%E3%83%81MacBook-Pro-%E6%95%B4%E5%82%99%E6%B8%88%E8%A3%BD%E5%93%81-18%E3%82%B3%E3%82%A2CPU%E3%81%A820%E3%82%B3%E3%82%A2GPU%E3%82%92%E6%90%AD%E8%BC%89%E3%81%97%E3%81%9FApple-M5-Pro%E3%83%81%E3%83%83%E3%83%97-%E3%82%B7%E3%83%AB%E3%83%90%E3%83%BC?fnode=7905a12fb5f30f17e58450eacd9157066c82f986ed52b2e44ffdcfdde67ed558273141b2ff2b68bf2db814887f2c99facd90fd5f600aa41a4cf2b3e5689ad4d79535562474bbfd88f9b7e53df5307a83
2026-08-01T15:39:51+09:00,macbook-pro,14インチMacBook Pro [整備済製品] 18コアCPUと20コアGPUを搭載したApple M5 Proチップ - スペースブラック,466800,FGDT4J/A,https://www.apple.com/jp/shop/product/fgdt4j/a/14%E3%82%A4%E3%83%B3%E3%83%81MacBook-Pro-%E6%95%B4%E5%82%99%E6%B8%88%E8%A3%BD%E5%93%81-18%E3%82%B3%E3%82%A2CPU%E3%81%A820%E3%82%B3%E3%82%A2GPU%E3%82%92%E6%90%AD%E8%BC%89%E3%81%97%E3%81%9FApple-M5-Pro%E3%83%81%E3%83%83%E3%83%97-%E3%82%B9%E3%83%9A%E3%83%BC%E3%82%B9%E3%83%96%E3%83%A9%E3%83%83%E3%82%AF?fnode=7905a12fb5f30f17e58450eacd9157066c82f986ed52b2e44ffdcfdde67ed558273141b2ff2b68bf2db814887f2c99facd90fd5f600aa41a4cf2b3e5689ad4d79535562474bbfd88f9b7e53df5307a83
2026-08-01T15:39:51+09:00,macbook-pro,16インチMacBook Pro [整備済製品] 14コアCPUと20コアGPUを搭載したApple M4 Proチップ - シルバー,473800,FX2U3J/A,https://www.apple.com/jp/shop/product/fx2u3j/a/16%E3%82%A4%E3%83%B3%E3%83%81MacBook-Pro-%E6%95%B4%E5%82%99%E6%B8%88%E8%A3%BD%E5%93%81-14%E3%82%B3%E3%82%A2CPU%E3%81%A820%E3%82%B3%E3%82%A2GPU%E3%82%92%E6%90%AD%E8%BC%89%E3%81%97%E3%81%9FApple-M4-Pro%E3%83%81%E3%83%83%E3%83%97-%E3%82%B7%E3%83%AB%E3%83%90%E3%83%BC?fnode=7905a12fb5f30f17e58450eacd9157066c82f986ed52b2e44ffdcfdde67ed558273141b2ff2b68bf2db814887f2c99facd90fd5f600aa41a4cf2b3e5689ad4d79535562474bbfd88f9b7e53df5307a83
2026-08-01T15:39:51+09:00,macbook-pro,16インチMacBook Pro [整備済製品] 14コアCPUと20コアGPUを搭載したApple M4 Proチップ - スペースブラック,473800,FX2Y3J/A,https://www.apple.com/jp/shop/product/fx2y3j/a/16%E3%82%A4%E3%83%B3%E3%83%81MacBook-Pro-%E6%95%B4%E5%82%99%E6%B8%88%E8%A3%BD%E5%93%81-14%E3%82%B3%E3%82%A2CPU%E3%81%A820%E3%82%B3%E3%82%A2GPU%E3%82%92%E6%90%AD%E8%BC%89%E3%81%97%E3%81%9FApple-M4-Pro%E3%83%81%E3%83%83%E3%83%97-%E3%82%B9%E3%83%9A%E3%83%BC%E3%82%B9%E3%83%96%E3%83%A9%E3%83%83%E3%82%AF?fnode=7905a12fb5f30f17e58450eacd9157066c82f986ed52b2e44ffdcfdde67ed558273141b2ff2b68bf2db814887f2c99facd90fd5f600aa41a4cf2b3e5689ad4d79535562474bbfd88f9b7e53df5307a83
2026-08-01T15:39:51+09:00,macbook-pro,14インチMacBook Pro [整備済製品] 15コアCPUと16コアGPUを搭載したApple M5 Proチップ、Nano-textureディスプレイ - シルバー,478800,G1MHFJ/A,https://www.apple.com/jp/shop/product/g1mhfj/a/14%E3%82%A4%E3%83%B3%E3%83%81MacBook-Pro-%E6%95%B4%E5%82%99%E6%B8%88%E8%A3%BD%E5%93%81-15%E3%82%B3%E3%82%A2CPU%E3%81%A816%E3%82%B3%E3%82%A2GPU%E3%82%92%E6%90%AD%E8%BC%89%E3%81%97%E3%81%9FApple-M5-Pro%E3%83%81%E3%83%83%E3%83%97Nano-texture%E3%83%87%E3%82%A3%E3%82%B9%E3%83%97%E3%83%AC%E3%82%A4-%E3%82%B7%E3%83%AB%E3%83%90%E3%83%BC?fnode=7905a12fb5f30f17e58450eacd9157066c82f986ed52b2e44ffdcfdde67ed558273141b2ff2b68bf2db814887f2c99facd90fd5f600aa41a4cf2b3e5689ad4d79535562474bbfd88f9b7e53df5307a83
2026-08-01T15:39:51+09:00,macbook-pro,14インチMacBook Pro [整備済製品] 15コアCPUと16コアGPUを搭載したApple M5 Proチップ、Nano-textureディスプレイ - スペースブラック,478800,G1MLFJ/A,https://www.apple.com/jp/shop/product/g1mlfj/a/14%E3%82%A4%E3%83%B3%E3%83%81MacBook-Pro-%E6%95%B4%E5%82%99%E6%B8%88%E8%A3%BD%E5%93%81-15%E3%82%B3%E3%82%A2CPU%E3%81%A816%E3%82%B3%E3%82%A2GPU%E3%82%92%E6%90%AD%E8%BC%89%E3%81%97%E3%81%9FApple-M5-Pro%E3%83%81%E3%83%83%E3%83%97Nano-texture%E3%83%87%E3%82%A3%E3%82%B9%E3%83%97%E3%83%AC%E3%82%A4-%E3%82%B9%E3%83%9A%E3%83%BC%E3%82%B9%E3%83%96%E3%83%A9%E3%83%83%E3%82%AF?fnode=7905a12fb5f30f17e58450eacd9157066c82f986ed52b2e44ffdcfdde67ed558273141b2ff2b68bf2db814887f2c99facd90fd5f600aa41a4cf2b3e5689ad4d79535562474bbfd88f9b7e53df5307a83
2026-08-01T15:39:51+09:00,macbook-air,13インチMacBook Air [整備済製品] 10コアCPUと10コアGPUを搭載したApple M5チップ - スターライト,496800,G1L51J/A,https://www.apple.com/jp/shop/product/g1l51j/a?fnode=7905a12fb5f30f17e58450eacd9157066c82f986ed52b2e44ffdcfdde67ed558273141b2ff2b68bf2db814887f2c99facd90fd5f600aa41a4cf2b3e5689ad4d79535562474bbfd88f9b7e53df5307a83
2026-08-01T15:39:51+09:00,macbook-air,13インチMacBook Air [整備済製品] 10コアCPUと10コアGPUを搭載したApple M5チップ - ミッドナイト,496800,G1L81J/A,https://www.apple.com/jp/shop/product/g1l81j/a?fnode=7905a12fb5f30f17e58450eacd9157066c82f986ed52b2e44ffdcfdde67ed558273141b2ff2b68bf2db814887f2c99facd90fd5f600aa41a4cf2b3e5689ad4d79535562474bbfd88f9b7e53df5307a83
2026-08-01T15:39:51+09:00,macbook-pro,14インチMacBook Pro [整備済製品] 14コアCPUと32コアGPUを搭載したApple M4 Maxチップ - スペースブラック,506800,FX2K3J/A,https://www.apple.com/jp/shop/product/fx2k3j/a/14%E3%82%A4%E3%83%B3%E3%83%81MacBook-Pro-%E6%95%B4%E5%82%99%E6%B8%88%E8%A3%BD%E5%93%81-14%E3%82%B3%E3%82%A2CPU%E3%81%A832%E3%82%B3%E3%82%A2GPU%E3%82%92%E6%90%AD%E8%BC%89%E3%81%97%E3%81%9FApple-M4-Max%E3%83%81%E3%83%83%E3%83%97-%E3%82%B9%E3%83%9A%E3%83%BC%E3%82%B9%E3%83%96%E3%83%A9%E3%83%83%E3%82%AF?fnode=7905a12fb5f30f17e58450eacd9157066c82f986ed52b2e44ffdcfdde67ed558273141b2ff2b68bf2db814887f2c99facd90fd5f600aa41a4cf2b3e5689ad4d79535562474bbfd88f9b7e53df5307a83
2026-08-01T15:39:51+09:00,macbook-pro,14インチMacBook Pro [整備済製品] 18コアCPUと20コアGPUを搭載したApple M5 Proチップ、Nano-textureディスプレイ - シルバー,508800,G1MH7J/A,https://www.apple.com/jp/shop/product/g1mh7j/a/14%E3%82%A4%E3%83%B3%E3%83%81MacBook-Pro-%E6%95%B4%E5%82%99%E6%B8%88%E8%A3%BD%E5%93%81-18%E3%82%B3%E3%82%A2CPU%E3%81%A820%E3%82%B3%E3%82%A2GPU%E3%82%92%E6%90%AD%E8%BC%89%E3%81%97%E3%81%9FApple-M5-Pro%E3%83%81%E3%83%83%E3%83%97Nano-texture%E3%83%87%E3%82%A3%E3%82%B9%E3%83%97%E3%83%AC%E3%82%A4-%E3%82%B7%E3%83%AB%E3%83%90%E3%83%BC?fnode=7905a12fb5f30f17e58450eacd9157066c82f986ed52b2e44ffdcfdde67ed558273141b2ff2b68bf2db814887f2c99facd90fd5f600aa41a4cf2b3e5689ad4d79535562474bbfd88f9b7e53df5307a83
2026-08-01T15:39:51+09:00,display,Studio Display XDR [整備済製品] - Nano-textureガラス - 傾きと高さを調整できるスタンド,509800,FFEP4J/A,https://www.apple.com/jp/shop/product/ffep4j/a/nano-texture-%E3%82%AC%E3%83%A9%E3%82%B9-%E5%82%BE%E3%81%8D-%E9%AB%98%E3%81%95-%E8%AA%BF%E6%95%B4%E3%81%A7%E3%81%8D%E3%82%8B-%E3%82%B9%E3%82%BF%E3%83%B3%E3%83%89?fnode=7905a12fb5f30f17e58450eacd9157066c82f986ed52b2e44ffdcfdde67ed558273141b2ff2b68bf2db814887f2c99facd90fd5f600aa41a4cf2b3e5689ad4d79535562474bbfd88f9b7e53df5307a83
2026-08-01T15:39:51+09:00,macbook-pro,14インチMacBook Pro [整備済製品] 15コアCPUと16コアGPUを搭載したApple M5 Proチップ - シルバー,531800,G1MHGJ/A,https://www.apple.com/jp/shop/product/g1mhgj/a/14%E3%82%A4%E3%83%B3%E3%83%81MacBook-Pro-%E6%95%B4%E5%82%99%E6%B8%88%E8%A3%BD%E5%93%81-15%E3%82%B3%E3%82%A2CPU%E3%81%A816%E3%82%B3%E3%82%A2GPU%E3%82%92%E6%90%AD%E8%BC%89%E3%81%97%E3%81%9FApple-M5-Pro%E3%83%81%E3%83%83%E3%83%97-%E3%82%B7%E3%83%AB%E3%83%90%E3%83%BC?fnode=7905a12fb5f30f17e58450eacd9157066c82f986ed52b2e44ffdcfdde67ed558273141b2ff2b68bf2db814887f2c99facd90fd5f600aa41a4cf2b3e5689ad4d79535562474bbfd88f9b7e53df5307a83
2026-08-01T15:39:51+09:00,macbook-pro,16インチMacBook Pro [整備済製品] 18コアCPUと20コアGPUを搭載したApple M5 Proチップ - シルバー,533800,FGE64J/A,https://www.apple.com/jp/shop/product/fge64j/a/16%E3%82%A4%E3%83%B3%E3%83%81MacBook-Pro-%E6%95%B4%E5%82%99%E6%B8%88%E8%A3%BD%E5%93%81-18%E3%82%B3%E3%82%A2CPU%E3%81%A820%E3%82%B3%E3%82%A2GPU%E3%82%92%E6%90%AD%E8%BC%89%E3%81%97%E3%81%9FApple-M5-Pro%E3%83%81%E3%83%83%E3%83%97-%E3%82%B7%E3%83%AB%E3%83%90%E3%83%BC?fnode=7905a12fb5f30f17e58450eacd9157066c82f986ed52b2e44ffdcfdde67ed558273141b2ff2b68bf2db814887f2c99facd90fd5f600aa41a4cf2b3e5689ad4d79535562474bbfd88f9b7e53df5307a83
2026-08-01T15:39:51+09:00,macbook-pro,16インチMacBook Pro [整備済製品] 18コアCPUと20コアGPUを搭載したApple M5 Proチップ - スペースブラック,533800,FGEC4J/A,https://www.apple.com/jp/shop/product/fgec4j/a/16%E3%82%A4%E3%83%B3%E3%83%81MacBook-Pro-%E6%95%B4%E5%82%99%E6%B8%88%E8%A3%BD%E5%93%81-18%E3%82%B3%E3%82%A2CPU%E3%81%A820%E3%82%B3%E3%82%A2GPU%E3%82%92%E6%90%AD%E8%BC%89%E3%81%97%E3%81%9FApple-M5-Pro%E3%83%81%E3%83%83%E3%83%97-%E3%82%B9%E3%83%9A%E3%83%BC%E3%82%B9%E3%83%96%E3%83%A9%E3%83%83%E3%82%AF?fnode=7905a12fb5f30f17e58450eacd9157066c82f986ed52b2e44ffdcfdde67ed558273141b2ff2b68bf2db814887f2c99facd90fd5f600aa41a4cf2b3e5689ad4d79535562474bbfd88f9b7e53df5307a83
2026-08-01T15:39:51+09:00,macbook-pro,16インチMacBook Pro [整備済製品] 18コアCPUと20コアGPUを搭載したApple M5 Proチップ、Nano-textureディスプレイ - シルバー,540800,G1MV3J/A,https://www.apple.com/jp/shop/product/g1mv3j/a/16%E3%82%A4%E3%83%B3%E3%83%81MacBook-Pro-%E6%95%B4%E5%82%99%E6%B8%88%E8%A3%BD%E5%93%81-18%E3%82%B3%E3%82%A2CPU%E3%81%A820%E3%82%B3%E3%82%A2GPU%E3%82%92%E6%90%AD%E8%BC%89%E3%81%97%E3%81%9FApple-M5-Pro%E3%83%81%E3%83%83%E3%83%97Nano-texture%E3%83%87%E3%82%A3%E3%82%B9%E3%83%97%E3%83%AC%E3%82%A4-%E3%82%B7%E3%83%AB%E3%83%90%E3%83%BC?fnode=7905a12fb5f30f17e58450eacd9157066c82f986ed52b2e44ffdcfdde67ed558273141b2ff2b68bf2db814887f2c99facd90fd5f600aa41a4cf2b3e5689ad4d79535562474bbfd88f9b7e53df5307a83
2026-08-01T15:39:51+09:00,macbook-pro,16インチMacBook Pro [整備済製品] 14コアCPUと20コアGPUを搭載したApple M4 Proチップ、Nano-textureディスプレイ - シルバー,542800,G1FQBJ/A,https://www.apple.com/jp/shop/product/g1fqbj/a/16%E3%82%A4%E3%83%B3%E3%83%81MacBook-Pro-%E6%95%B4%E5%82%99%E6%B8%88%E8%A3%BD%E5%93%81-14%E3%82%B3%E3%82%A2CPU%E3%81%A820%E3%82%B3%E3%82%A2GPU%E3%82%92%E6%90%AD%E8%BC%89%E3%81%97%E3%81%9FApple-M4-Pro%E3%83%81%E3%83%83%E3%83%97Nano-texture%E3%83%87%E3%82%A3%E3%82%B9%E3%83%97%E3%83%AC%E3%82%A4-%E3%82%B7%E3%83%AB%E3%83%90%E3%83%BC?fnode=7905a12fb5f30f17e58450eacd9157066c82f986ed52b2e44ffdcfdde67ed558273141b2ff2b68bf2db814887f2c99facd90fd5f600aa41a4cf2b3e5689ad4d79535562474bbfd88f9b7e53df5307a83
2026-08-01T15:39:51+09:00,macbook-pro,14インチMacBook Pro [整備済製品] 18コアCPUと20コアGPUを搭載したApple M5 Proチップ - シルバー,546800,G1MH8J/A,https://www.apple.com/jp/shop/product/g1mh8j/a/14%E3%82%A4%E3%83%B3%E3%83%81MacBook-Pro-%E6%95%B4%E5%82%99%E6%B8%88%E8%A3%BD%E5%93%81-18%E3%82%B3%E3%82%A2CPU%E3%81%A820%E3%82%B3%E3%82%A2GPU%E3%82%92%E6%90%AD%E8%BC%89%E3%81%97%E3%81%9FApple-M5-Pro%E3%83%81%E3%83%83%E3%83%97-%E3%82%B7%E3%83%AB%E3%83%90%E3%83%BC?fnode=7905a12fb5f30f17e58450eacd9157066c82f986ed52b2e44ffdcfdde67ed558273141b2ff2b68bf2db814887f2c99facd90fd5f600aa41a4cf2b3e5689ad4d79535562474bbfd88f9b7e53df5307a83
2026-08-01T15:39:51+09:00,macbook-pro,14インチMacBook Pro [整備済製品] 18コアCPUと20コアGPUを搭載したApple M5 Proチップ - スペースブラック,546800,G1ML8J/A,https://www.apple.com/jp/shop/product/g1ml8j/a/14%E3%82%A4%E3%83%B3%E3%83%81MacBook-Pro-%E6%95%B4%E5%82%99%E6%B8%88%E8%A3%BD%E5%93%81-18%E3%82%B3%E3%82%A2CPU%E3%81%A820%E3%82%B3%E3%82%A2GPU%E3%82%92%E6%90%AD%E8%BC%89%E3%81%97%E3%81%9FApple-M5-Pro%E3%83%81%E3%83%83%E3%83%97-%E3%82%B9%E3%83%9A%E3%83%BC%E3%82%B9%E3%83%96%E3%83%A9%E3%83%83%E3%82%AF?fnode=7905a12fb5f30f17e58450eacd9157066c82f986ed52b2e44ffdcfdde67ed558273141b2ff2b68bf2db814887f2c99facd90fd5f600aa41a4cf2b3e5689ad4d79535562474bbfd88f9b7e53df5307a83
2026-08-01T15:39:51+09:00,macbook-pro,14インチMacBook Pro [整備済製品] 10コアCPUと10コアGPUを搭載したApple M5チップ - スペースブラック,547800,G1KK1J/A,https://www.apple.com/jp/shop/product/g1kk1j/a/14%E3%82%A4%E3%83%B3%E3%83%81MacBook-Pro-%E6%95%B4%E5%82%99%E6%B8%88%E8%A3%BD%E5%93%81-10%E3%82%B3%E3%82%A2CPU%E3%81%A810%E3%82%B3%E3%82%A2GPU%E3%82%92%E6%90%AD%E8%BC%89%E3%81%97%E3%81%9FApple-M5%E3%83%81%E3%83%83%E3%83%97-%E3%82%B9%E3%83%9A%E3%83%BC%E3%82%B9%E3%83%96%E3%83%A9%E3%83%83%E3%82%AF?fnode=7905a12fb5f30f17e58450eacd9157066c82f986ed52b2e44ffdcfdde67ed558273141b2ff2b68bf2db814887f2c99facd90fd5f600aa41a4cf2b3e5689ad4d79535562474bbfd88f9b7e53df5307a83
2026-08-01T15:39:51+09:00,macbook-pro,16インチMacBook Pro [整備済製品] 14コアCPUと32コアGPUを搭載したApple M4 Maxチップ - シルバー,549800,FX2V3J/A,https://www.apple.com/jp/shop/product/fx2v3j/a/16%E3%82%A4%E3%83%B3%E3%83%81MacBook-Pro-%E6%95%B4%E5%82%99%E6%B8%88%E8%A3%BD%E5%93%81-14%E3%82%B3%E3%82%A2CPU%E3%81%A832%E3%82%B3%E3%82%A2GPU%E3%82%92%E6%90%AD%E8%BC%89%E3%81%97%E3%81%9FApple-M4-Max%E3%83%81%E3%83%83%E3%83%97-%E3%82%B7%E3%83%AB%E3%83%90%E3%83%BC?fnode=7905a12fb5f30f17e58450eacd9157066c82f986ed52b2e44ffdcfdde67ed558273141b2ff2b68bf2db814887f2c99facd90fd5f600aa41a4cf2b3e5689ad4d79535562474bbfd88f9b7e53df5307a83
2026-08-01T15:39:51+09:00,macbook-pro,16インチMacBook Pro [整備済製品] 14コアCPUと32コアGPUを搭載したApple M4 Maxチップ - スペースブラック,549800,FX303J/A,https://www.apple.com/jp/shop/product/fx303j/a/16%E3%82%A4%E3%83%B3%E3%83%81MacBook-Pro-%E6%95%B4%E5%82%99%E6%B8%88%E8%A3%BD%E5%93%81-14%E3%82%B3%E3%82%A2CPU%E3%81%A832%E3%82%B3%E3%82%A2GPU%E3%82%92%E6%90%AD%E8%BC%89%E3%81%97%E3%81%9FApple-M4-Max%E3%83%81%E3%83%83%E3%83%97-%E3%82%B9%E3%83%9A%E3%83%BC%E3%82%B9%E3%83%96%E3%83%A9%E3%83%83%E3%82%AF?fnode=7905a12fb5f30f17e58450eacd9157066c82f986ed52b2e44ffdcfdde67ed558273141b2ff2b68bf2db814887f2c99facd90fd5f600aa41a4cf2b3e5689ad4d79535562474bbfd88f9b7e53df5307a83
2026-08-01T15:39:51+09:00,macbook-pro,16インチMacBook Pro [整備済製品] 18コアCPUと20コアGPUを搭載したApple M5 Proチップ、Nano-textureディスプレイ - シルバー,556800,G1MW0J/A,https://www.apple.com/jp/shop/product/g1mw0j/a/16%E3%82%A4%E3%83%B3%E3%83%81MacBook-Pro-%E6%95%B4%E5%82%99%E6%B8%88%E8%A3%BD%E5%93%81-18%E3%82%B3%E3%82%A2CPU%E3%81%A820%E3%82%B3%E3%82%A2GPU%E3%82%92%E6%90%AD%E8%BC%89%E3%81%97%E3%81%9FApple-M5-Pro%E3%83%81%E3%83%83%E3%83%97Nano-texture%E3%83%87%E3%82%A3%E3%82%B9%E3%83%97%E3%83%AC%E3%82%A4-%E3%82%B7%E3%83%AB%E3%83%90%E3%83%BC?fnode=7905a12fb5f30f17e58450eacd9157066c82f986ed52b2e44ffdcfdde67ed558273141b2ff2b68bf2db814887f2c99facd90fd5f600aa41a4cf2b3e5689ad4d79535562474bbfd88f9b7e53df5307a83
2026-08-01T15:39:51+09:00,macbook-air,15インチMacBook Air [整備済製品] 10コアCPUと10コアGPUを搭載したApple M5チップ - スカイブルー,561800,G1M24J/A,https://www.apple.com/jp/shop/product/g1m24j/a?fnode=7905a12fb5f30f17e58450eacd9157066c82f986ed52b2e44ffdcfdde67ed558273141b2ff2b68bf2db814887f2c99facd90fd5f600aa41a4cf2b3e5689ad4d79535562474bbfd88f9b7e53df5307a83
2026-08-01T15:39:51+09:00,macbook-pro,14インチMacBook Pro [整備済製品] 18コアCPUと20コアGPUを搭載したApple M5 Proチップ、Nano-textureディスプレイ - シルバー,569800,G1MH9J/A,https://www.apple.com/jp/shop/product/g1mh9j/a/14%E3%82%A4%E3%83%B3%E3%83%81MacBook-Pro-%E6%95%B4%E5%82%99%E6%B8%88%E8%A3%BD%E5%93%81-18%E3%82%B3%E3%82%A2CPU%E3%81%A820%E3%82%B3%E3%82%A2GPU%E3%82%92%E6%90%AD%E8%BC%89%E3%81%97%E3%81%9FApple-M5-Pro%E3%83%81%E3%83%83%E3%83%97Nano-texture%E3%83%87%E3%82%A3%E3%82%B9%E3%83%97%E3%83%AC%E3%82%A4-%E3%82%B7%E3%83%AB%E3%83%90%E3%83%BC?fnode=7905a12fb5f30f17e58450eacd9157066c82f986ed52b2e44ffdcfdde67ed558273141b2ff2b68bf2db814887f2c99facd90fd5f600aa41a4cf2b3e5689ad4d79535562474bbfd88f9b7e53df5307a83
2026-08-01T15:39:51+09:00,macbook-pro,14インチMacBook Pro [整備済製品] 18コアCPUと20コアGPUを搭載したApple M5 Proチップ、Nano-textureディスプレイ - スペースブラック,569800,G1ML9J/A,https://www.apple.com/jp/shop/product/g1ml9j/a/14%E3%82%A4%E3%83%B3%E3%83%81MacBook-Pro-%E6%95%B4%E5%82%99%E6%B8%88%E8%A3%BD%E5%93%81-18%E3%82%B3%E3%82%A2CPU%E3%81%A820%E3%82%B3%E3%82%A2GPU%E3%82%92%E6%90%AD%E8%BC%89%E3%81%97%E3%81%9FApple-M5-Pro%E3%83%81%E3%83%83%E3%83%97Nano-texture%E3%83%87%E3%82%A3%E3%82%B9%E3%83%97%E3%83%AC%E3%82%A4-%E3%82%B9%E3%83%9A%E3%83%BC%E3%82%B9%E3%83%96%E3%83%A9%E3%83%83%E3%82%AF?fnode=7905a12fb5f30f17e58450eacd9157066c82f986ed52b2e44ffdcfdde67ed558273141b2ff2b68bf2db814887f2c99facd90fd5f600aa41a4cf2b3e5689ad4d79535562474bbfd88f9b7e53df5307a83
2026-08-01T15:39:51+09:00,macbook-pro,14インチMacBook Pro [整備済製品] 14コアCPUと20コアGPUを搭載したApple M4 Proチップ、Nano-textureディスプレイ - スペースブラック,570800,G1FF9J/A,https://www.apple.com/jp/shop/product/g1ff9j/a/14%E3%82%A4%E3%83%B3%E3%83%81MacBook-Pro-%E6%95%B4%E5%82%99%E6%B8%88%E8%A3%BD%E5%93%81-14%E3%82%B3%E3%82%A2CPU%E3%81%A820%E3%82%B3%E3%82%A2GPU%E3%82%92%E6%90%AD%E8%BC%89%E3%81%97%E3%81%9FApple-M4-Pro%E3%83%81%E3%83%83%E3%83%97Nano-texture%E3%83%87%E3%82%A3%E3%82%B9%E3%83%97%E3%83%AC%E3%82%A4-%E3%82%B9%E3%83%9A%E3%83%BC%E3%82%B9%E3%83%96%E3%83%A9%E3%83%83%E3%82%AF?fnode=7905a12fb5f30f17e58450eacd9157066c82f986ed52b2e44ffdcfdde67ed558273141b2ff2b68bf2db814887f2c99facd90fd5f600aa41a4cf2b3e5689ad4d79535562474bbfd88f9b7e53df5307a83
2026-08-01T15:39:51+09:00,macbook-pro,16インチMacBook Pro [整備済製品] 14コアCPUと32コアGPUを搭載したApple M4 Maxチップ、Nano-textureディスプレイ - シルバー,572800,G1FR3J/A,https://www.apple.com/jp/shop/product/g1fr3j/a/16%E3%82%A4%E3%83%B3%E3%83%81MacBook-Pro-%E6%95%B4%E5%82%99%E6%B8%88%E8%A3%BD%E5%93%81-14%E3%82%B3%E3%82%A2CPU%E3%81%A832%E3%82%B3%E3%82%A2GPU%E3%82%92%E6%90%AD%E8%BC%89%E3%81%97%E3%81%9FApple-M4-Max%E3%83%81%E3%83%83%E3%83%97Nano-texture%E3%83%87%E3%82%A3%E3%82%B9%E3%83%97%E3%83%AC%E3%82%A4-%E3%82%B7%E3%83%AB%E3%83%90%E3%83%BC?fnode=7905a12fb5f30f17e58450eacd9157066c82f986ed52b2e44ffdcfdde67ed558273141b2ff2b68bf2db814887f2c99facd90fd5f600aa41a4cf2b3e5689ad4d79535562474bbfd88f9b7e53df5307a83
2026-08-01T15:39:51+09:00,macbook-pro,14インチMacBook Pro [整備済製品] 18コアCPUと20コアGPUを搭載したApple M5 Proチップ、Nano-textureディスプレイ - スペースブラック,581800,G1MM3J/A,https://www.apple.com/jp/shop/product/g1mm3j/a/14%E3%82%A4%E3%83%B3%E3%83%81MacBook-Pro-%E6%95%B4%E5%82%99%E6%B8%88%E8%A3%BD%E5%93%81-18%E3%82%B3%E3%82%A2CPU%E3%81%A820%E3%82%B3%E3%82%A2GPU%E3%82%92%E6%90%AD%E8%BC%89%E3%81%97%E3%81%9FApple-M5-Pro%E3%83%81%E3%83%83%E3%83%97Nano-texture%E3%83%87%E3%82%A3%E3%82%B9%E3%83%97%E3%83%AC%E3%82%A4-%E3%82%B9%E3%83%9A%E3%83%BC%E3%82%B9%E3%83%96%E3%83%A9%E3%83%83%E3%82%AF?fnode=7905a12fb5f30f17e58450eacd9157066c82f986ed52b2e44ffdcfdde67ed558273141b2ff2b68bf2db814887f2c99facd90fd5f600aa41a4cf2b3e5689ad4d79535562474bbfd88f9b7e53df5307a83
2026-08-01T15:39:51+09:00,macbook-pro,14インチMacBook Pro [整備済製品] 18コアCPUと32コアGPUを搭載したApple M5 Maxチップ - シルバー,593800,FGDQ4J/A,https://www.apple.com/jp/shop/product/fgdq4j/a/14%E3%82%A4%E3%83%B3%E3%83%81MacBook-Pro-%E6%95%B4%E5%82%99%E6%B8%88%E8%A3%BD%E5%93%81-18%E3%82%B3%E3%82%A2CPU%E3%81%A832%E3%82%B3%E3%82%A2GPU%E3%82%92%E6%90%AD%E8%BC%89%E3%81%97%E3%81%9FApple-M5-Max%E3%83%81%E3%83%83%E3%83%97-%E3%82%B7%E3%83%AB%E3%83%90%E3%83%BC?fnode=7905a12fb5f30f17e58450eacd9157066c82f986ed52b2e44ffdcfdde67ed558273141b2ff2b68bf2db814887f2c99facd90fd5f600aa41a4cf2b3e5689ad4d79535562474bbfd88f9b7e53df5307a83
2026-08-01T15:39:51+09:00,macbook-pro,14インチMacBook Pro [整備済製品] 18コアCPUと32コアGPUを搭載したApple M5 Maxチップ - スペースブラック,593800,FGDU4J/A,https://www.apple.com/jp/shop/product/fgdu4j/a/14%E3%82%A4%E3%83%B3%E3%83%81MacBook-Pro-%E6%95%B4%E5%82%99%E6%B8%88%E8%A3%BD%E5%93%81-18%E3%82%B3%E3%82%A2CPU%E3%81%A832%E3%82%B3%E3%82%A2GPU%E3%82%92%E6%90%AD%E8%BC%89%E3%81%97%E3%81%9FApple-M5-Max%E3%83%81%E3%83%83%E3%83%97-%E3%82%B9%E3%83%9A%E3%83%BC%E3%82%B9%E3%83%96%E3%83%A9%E3%83%83%E3%82%AF?fnode=7905a12fb5f30f17e58450eacd9157066c82f986ed52b2e44ffdcfdde67ed558273141b2ff2b68bf2db814887f2c99facd90fd5f600aa41a4cf2b3e5689ad4d79535562474bbfd88f9b7e53df5307a83
2026-08-01T15:39:51+09:00,macbook-pro,16インチMacBook Pro [整備済製品] 18コアCPUと20コアGPUを搭載したApple M5 Proチップ - シルバー,594800,G1MW2J/A,https://www.apple.com/jp/shop/product/g1mw2j/a/16%E3%82%A4%E3%83%B3%E3%83%81MacBook-Pro-%E6%95%B4%E5%82%99%E6%B8%88%E8%A3%BD%E5%93%81-18%E3%82%B3%E3%82%A2CPU%E3%81%A820%E3%82%B3%E3%82%A2GPU%E3%82%92%E6%90%AD%E8%BC%89%E3%81%97%E3%81%9FApple-M5-Pro%E3%83%81%E3%83%83%E3%83%97-%E3%82%B7%E3%83%AB%E3%83%90%E3%83%BC?fnode=7905a12fb5f30f17e58450eacd9157066c82f986ed52b2e44ffdcfdde67ed558273141b2ff2b68bf2db814887f2c99facd90fd5f600aa41a4cf2b3e5689ad4d79535562474bbfd88f9b7e53df5307a83
2026-08-01T15:39:51+09:00,macbook-pro,16インチMacBook Pro [整備済製品] 18コアCPUと20コアGPUを搭載したApple M5 Proチップ - スペースブラック,594800,G1N02J/A,https://www.apple.com/jp/shop/product/g1n02j/a/16%E3%82%A4%E3%83%B3%E3%83%81MacBook-Pro-%E6%95%B4%E5%82%99%E6%B8%88%E8%A3%BD%E5%93%81-18%E3%82%B3%E3%82%A2CPU%E3%81%A820%E3%82%B3%E3%82%A2GPU%E3%82%92%E6%90%AD%E8%BC%89%E3%81%97%E3%81%9FApple-M5-Pro%E3%83%81%E3%83%83%E3%83%97-%E3%82%B9%E3%83%9A%E3%83%BC%E3%82%B9%E3%83%96%E3%83%A9%E3%83%83%E3%82%AF?fnode=7905a12fb5f30f17e58450eacd9157066c82f986ed52b2e44ffdcfdde67ed558273141b2ff2b68bf2db814887f2c99facd90fd5f600aa41a4cf2b3e5689ad4d79535562474bbfd88f9b7e53df5307a83
2026-08-01T15:39:51+09:00,macbook-pro,16インチMacBook Pro [整備済製品] 18コアCPUと20コアGPUを搭載したApple M5 Proチップ - スペースブラック,609800,G1N01J/A,https://www.apple.com/jp/shop/product/g1n01j/a/16%E3%82%A4%E3%83%B3%E3%83%81MacBook-Pro-%E6%95%B4%E5%82%99%E6%B8%88%E8%A3%BD%E5%93%81-18%E3%82%B3%E3%82%A2CPU%E3%81%A820%E3%82%B3%E3%82%A2GPU%E3%82%92%E6%90%AD%E8%BC%89%E3%81%97%E3%81%9FApple-M5-Pro%E3%83%81%E3%83%83%E3%83%97-%E3%82%B9%E3%83%9A%E3%83%BC%E3%82%B9%E3%83%96%E3%83%A9%E3%83%83%E3%82%AF?fnode=7905a12fb5f30f17e58450eacd9157066c82f986ed52b2e44ffdcfdde67ed558273141b2ff2b68bf2db814887f2c99facd90fd5f600aa41a4cf2b3e5689ad4d79535562474bbfd88f9b7e53df5307a83
2026-08-01T15:39:51+09:00,macbook-pro,16インチMacBook Pro [整備済製品] 18コアCPUと20コアGPUを搭載したApple M5 Proチップ、Nano-textureディスプレイ - シルバー,617800,G1MW7J/A,https://www.apple.com/jp/shop/product/g1mw7j/a/16%E3%82%A4%E3%83%B3%E3%83%81MacBook-Pro-%E6%95%B4%E5%82%99%E6%B8%88%E8%A3%BD%E5%93%81-18%E3%82%B3%E3%82%A2CPU%E3%81%A820%E3%82%B3%E3%82%A2GPU%E3%82%92%E6%90%AD%E8%BC%89%E3%81%97%E3%81%9FApple-M5-Pro%E3%83%81%E3%83%83%E3%83%97Nano-texture%E3%83%87%E3%82%A3%E3%82%B9%E3%83%97%E3%83%AC%E3%82%A4-%E3%82%B7%E3%83%AB%E3%83%90%E3%83%BC?fnode=7905a12fb5f30f17e58450eacd9157066c82f986ed52b2e44ffdcfdde67ed558273141b2ff2b68bf2db814887f2c99facd90fd5f600aa41a4cf2b3e5689ad4d79535562474bbfd88f9b7e53df5307a83
2026-08-01T15:39:51+09:00,macbook-pro,14インチMacBook Pro [整備済製品] 18コアCPUと20コアGPUを搭載したApple M5 Proチップ - スペースブラック,619800,G1MM6J/A,https://www.apple.com/jp/shop/product/g1mm6j/a/14%E3%82%A4%E3%83%B3%E3%83%81MacBook-Pro-%E6%95%B4%E5%82%99%E6%B8%88%E8%A3%BD%E5%93%81-18%E3%82%B3%E3%82%A2CPU%E3%81%A820%E3%82%B3%E3%82%A2GPU%E3%82%92%E6%90%AD%E8%BC%89%E3%81%97%E3%81%9FApple-M5-Pro%E3%83%81%E3%83%83%E3%83%97-%E3%82%B9%E3%83%9A%E3%83%BC%E3%82%B9%E3%83%96%E3%83%A9%E3%83%83%E3%82%AF?fnode=7905a12fb5f30f17e58450eacd9157066c82f986ed52b2e44ffdcfdde67ed558273141b2ff2b68bf2db814887f2c99facd90fd5f600aa41a4cf2b3e5689ad4d79535562474bbfd88f9b7e53df5307a83
2026-08-01T15:39:51+09:00,macbook-pro,16インチMacBook Pro [整備済製品] 18コアCPUと20コアGPUを搭載したApple M5 Proチップ、Nano-textureディスプレイ - スペースブラック,632800,G1N05J/A,https://www.apple.com/jp/shop/product/g1n05j/a/16%E3%82%A4%E3%83%B3%E3%83%81MacBook-Pro-%E6%95%B4%E5%82%99%E6%B8%88%E8%A3%BD%E5%93%81-18%E3%82%B3%E3%82%A2CPU%E3%81%A820%E3%82%B3%E3%82%A2GPU%E3%82%92%E6%90%AD%E8%BC%89%E3%81%97%E3%81%9FApple-M5-Pro%E3%83%81%E3%83%83%E3%83%97Nano-texture%E3%83%87%E3%82%A3%E3%82%B9%E3%83%97%E3%83%AC%E3%82%A4-%E3%82%B9%E3%83%9A%E3%83%BC%E3%82%B9%E3%83%96%E3%83%A9%E3%83%83%E3%82%AF?fnode=7905a12fb5f30f17e58450eacd9157066c82f986ed52b2e44ffdcfdde67ed558273141b2ff2b68bf2db814887f2c99facd90fd5f600aa41a4cf2b3e5689ad4d79535562474bbfd88f9b7e53df5307a83
2026-08-01T15:39:51+09:00,macbook-pro,16インチMacBook Pro [整備済製品] 16コアCPUと40コアGPUを搭載したApple M4 Maxチップ - シルバー,635800,FX2W3J/A,https://www.apple.com/jp/shop/product/fx2w3j/a/16%E3%82%A4%E3%83%B3%E3%83%81MacBook-Pro-%E6%95%B4%E5%82%99%E6%B8%88%E8%A3%BD%E5%93%81-16%E3%82%B3%E3%82%A2CPU%E3%81%A840%E3%82%B3%E3%82%A2GPU%E3%82%92%E6%90%AD%E8%BC%89%E3%81%97%E3%81%9FApple-M4-Max%E3%83%81%E3%83%83%E3%83%97-%E3%82%B7%E3%83%AB%E3%83%90%E3%83%BC?fnode=7905a12fb5f30f17e58450eacd9157066c82f986ed52b2e44ffdcfdde67ed558273141b2ff2b68bf2db814887f2c99facd90fd5f600aa41a4cf2b3e5689ad4d79535562474bbfd88f9b7e53df5307a83
2026-08-01T15:39:51+09:00,macbook-pro,16インチMacBook Pro [整備済製品] 16コアCPUと40コアGPUを搭載したApple M4 Maxチップ - スペースブラック,635800,FX313J/A,https://www.apple.com/jp/shop/product/fx313j/a/16%E3%82%A4%E3%83%B3%E3%83%81MacBook-Pro-%E6%95%B4%E5%82%99%E6%B8%88%E8%A3%BD%E5%93%81-16%E3%82%B3%E3%82%A2CPU%E3%81%A840%E3%82%B3%E3%82%A2GPU%E3%82%92%E6%90%AD%E8%BC%89%E3%81%97%E3%81%9FApple-M4-Max%E3%83%81%E3%83%83%E3%83%97-%E3%82%B9%E3%83%9A%E3%83%BC%E3%82%B9%E3%83%96%E3%83%A9%E3%83%83%E3%82%AF?fnode=7905a12fb5f30f17e58450eacd9157066c82f986ed52b2e44ffdcfdde67ed558273141b2ff2b68bf2db814887f2c99facd90fd5f600aa41a4cf2b3e5689ad4d79535562474bbfd88f9b7e53df5307a83
2026-08-01T15:39:51+09:00,macbook-pro,16インチMacBook Pro [整備済製品] 18コアCPUと32コアGPUを搭載したApple M5 Maxチップ - シルバー,636800,FGE74J/A,https://www.apple.com/jp/shop/product/fge74j/a/16%E3%82%A4%E3%83%B3%E3%83%81MacBook-Pro-%E6%95%B4%E5%82%99%E6%B8%88%E8%A3%BD%E5%93%81-18%E3%82%B3%E3%82%A2CPU%E3%81%A832%E3%82%B3%E3%82%A2GPU%E3%82%92%E6%90%AD%E8%BC%89%E3%81%97%E3%81%9FApple-M5-Max%E3%83%81%E3%83%83%E3%83%97-%E3%82%B7%E3%83%AB%E3%83%90%E3%83%BC?fnode=7905a12fb5f30f17e58450eacd9157066c82f986ed52b2e44ffdcfdde67ed558273141b2ff2b68bf2db814887f2c99facd90fd5f600aa41a4cf2b3e5689ad4d79535562474bbfd88f9b7e53df5307a83
2026-08-01T15:39:51+09:00,macbook-pro,16インチMacBook Pro [整備済製品] 18コアCPUと32コアGPUを搭載したApple M5 Maxチップ - スペースブラック,636800,FGED4J/A,https://www.apple.com/jp/shop/product/fged4j/a/16%E3%82%A4%E3%83%B3%E3%83%81MacBook-Pro-%E6%95%B4%E5%82%99%E6%B8%88%E8%A3%BD%E5%93%81-18%E3%82%B3%E3%82%A2CPU%E3%81%A832%E3%82%B3%E3%82%A2GPU%E3%82%92%E6%90%AD%E8%BC%89%E3%81%97%E3%81%9FApple-M5-Max%E3%83%81%E3%83%83%E3%83%97-%E3%82%B9%E3%83%9A%E3%83%BC%E3%82%B9%E3%83%96%E3%83%A9%E3%83%83%E3%82%AF?fnode=7905a12fb5f30f17e58450eacd9157066c82f986ed52b2e44ffdcfdde67ed558273141b2ff2b68bf2db814887f2c99facd90fd5f600aa41a4cf2b3e5689ad4d79535562474bbfd88f9b7e53df5307a83
2026-08-01T15:39:51+09:00,macbook-pro,16インチMacBook Pro [整備済製品] 14コアCPUと32コアGPUを搭載したApple M4 Maxチップ、Nano-textureディスプレイ - スペースブラック,648800,G1FV4J/A,https://www.apple.com/jp/shop/product/g1fv4j/a/16%E3%82%A4%E3%83%B3%E3%83%81MacBook-Pro-%E6%95%B4%E5%82%99%E6%B8%88%E8%A3%BD%E5%93%81-14%E3%82%B3%E3%82%A2CPU%E3%81%A832%E3%82%B3%E3%82%A2GPU%E3%82%92%E6%90%AD%E8%BC%89%E3%81%97%E3%81%9FApple-M4-Max%E3%83%81%E3%83%83%E3%83%97Nano-texture%E3%83%87%E3%82%A3%E3%82%B9%E3%83%97%E3%83%AC%E3%82%A4-%E3%82%B9%E3%83%9A%E3%83%BC%E3%82%B9%E3%83%96%E3%83%A9%E3%83%83%E3%82%AF?fnode=7905a12fb5f30f17e58450eacd9157066c82f986ed52b2e44ffdcfdde67ed558273141b2ff2b68bf2db814887f2c99facd90fd5f600aa41a4cf2b3e5689ad4d79535562474bbfd88f9b7e53df5307a83
2026-08-01T15:39:51+09:00,macbook-pro,16インチMacBook Pro [整備済製品] 18コアCPUと32コアGPUを搭載したApple M5 Maxチップ、Nano-textureディスプレイ - シルバー,659800,G1MX0J/A,https://www.apple.com/jp/shop/product/g1mx0j/a/16%E3%82%A4%E3%83%B3%E3%83%81MacBook-Pro-%E6%95%B4%E5%82%99%E6%B8%88%E8%A3%BD%E5%93%81-18%E3%82%B3%E3%82%A2CPU%E3%81%A832%E3%82%B3%E3%82%A2GPU%E3%82%92%E6%90%AD%E8%BC%89%E3%81%97%E3%81%9FApple-M5-Max%E3%83%81%E3%83%83%E3%83%97Nano-texture%E3%83%87%E3%82%A3%E3%82%B9%E3%83%97%E3%83%AC%E3%82%A4-%E3%82%B7%E3%83%AB%E3%83%90%E3%83%BC?fnode=7905a12fb5f30f17e58450eacd9157066c82f986ed52b2e44ffdcfdde67ed558273141b2ff2b68bf2db814887f2c99facd90fd5f600aa41a4cf2b3e5689ad4d79535562474bbfd88f9b7e53df5307a83
2026-08-01T15:39:51+09:00,macbook-pro,16インチMacBook Pro [整備済製品] 18コアCPUと32コアGPUを搭載したApple M5 Maxチップ、Nano-textureディスプレイ - スペースブラック,659800,G1N10J/A,https://www.apple.com/jp/shop/product/g1n10j/a/16%E3%82%A4%E3%83%B3%E3%83%81MacBook-Pro-%E6%95%B4%E5%82%99%E6%B8%88%E8%A3%BD%E5%93%81-18%E3%82%B3%E3%82%A2CPU%E3%81%A832%E3%82%B3%E3%82%A2GPU%E3%82%92%E6%90%AD%E8%BC%89%E3%81%97%E3%81%9FApple-M5-Max%E3%83%81%E3%83%83%E3%83%97Nano-texture%E3%83%87%E3%82%A3%E3%82%B9%E3%83%97%E3%83%AC%E3%82%A4-%E3%82%B9%E3%83%9A%E3%83%BC%E3%82%B9%E3%83%96%E3%83%A9%E3%83%83%E3%82%AF?fnode=7905a12fb5f30f17e58450eacd9157066c82f986ed52b2e44ffdcfdde67ed558273141b2ff2b68bf2db814887f2c99facd90fd5f600aa41a4cf2b3e5689ad4d79535562474bbfd88f9b7e53df5307a83
2026-08-01T15:39:51+09:00,macbook-pro,16インチMacBook Pro [整備済製品] 18コアCPUと20コアGPUを搭載したApple M5 Proチップ - シルバー,670800,G1MW3J/A,https://www.apple.com/jp/shop/product/g1mw3j/a/16%E3%82%A4%E3%83%B3%E3%83%81MacBook-Pro-%E6%95%B4%E5%82%99%E6%B8%88%E8%A3%BD%E5%93%81-18%E3%82%B3%E3%82%A2CPU%E3%81%A820%E3%82%B3%E3%82%A2GPU%E3%82%92%E6%90%AD%E8%BC%89%E3%81%97%E3%81%9FApple-M5-Pro%E3%83%81%E3%83%83%E3%83%97-%E3%82%B7%E3%83%AB%E3%83%90%E3%83%BC?fnode=7905a12fb5f30f17e58450eacd9157066c82f986ed52b2e44ffdcfdde67ed558273141b2ff2b68bf2db814887f2c99facd90fd5f600aa41a4cf2b3e5689ad4d79535562474bbfd88f9b7e53df5307a83
2026-08-01T15:39:51+09:00,macbook-pro,16インチMacBook Pro [整備済製品] 18コアCPUと20コアGPUを搭載したApple M5 Proチップ - スペースブラック,670800,G1N03J/A,https://www.apple.com/jp/shop/product/g1n03j/a/16%E3%82%A4%E3%83%B3%E3%83%81MacBook-Pro-%E6%95%B4%E5%82%99%E6%B8%88%E8%A3%BD%E5%93%81-18%E3%82%B3%E3%82%A2CPU%E3%81%A820%E3%82%B3%E3%82%A2GPU%E3%82%92%E6%90%AD%E8%BC%89%E3%81%97%E3%81%9FApple-M5-Pro%E3%83%81%E3%83%83%E3%83%97-%E3%82%B9%E3%83%9A%E3%83%BC%E3%82%B9%E3%83%96%E3%83%A9%E3%83%83%E3%82%AF?fnode=7905a12fb5f30f17e58450eacd9157066c82f986ed52b2e44ffdcfdde67ed558273141b2ff2b68bf2db814887f2c99facd90fd5f600aa41a4cf2b3e5689ad4d79535562474bbfd88f9b7e53df5307a83
2026-08-01T15:39:51+09:00,macbook-pro,14インチMacBook Pro [整備済製品] 18コアCPUと40コアGPUを搭載したApple M5 Maxチップ - シルバー,685800,G1MKEJ/A,https://www.apple.com/jp/shop/product/g1mkej/a/14%E3%82%A4%E3%83%B3%E3%83%81MacBook-Pro-%E6%95%B4%E5%82%99%E6%B8%88%E8%A3%BD%E5%93%81-18%E3%82%B3%E3%82%A2CPU%E3%81%A840%E3%82%B3%E3%82%A2GPU%E3%82%92%E6%90%AD%E8%BC%89%E3%81%97%E3%81%9FApple-M5-Max%E3%83%81%E3%83%83%E3%83%97-%E3%82%B7%E3%83%AB%E3%83%90%E3%83%BC?fnode=7905a12fb5f30f17e58450eacd9157066c82f986ed52b2e44ffdcfdde67ed558273141b2ff2b68bf2db814887f2c99facd90fd5f600aa41a4cf2b3e5689ad4d79535562474bbfd88f9b7e53df5307a83
2026-08-01T15:39:51+09:00,macbook-pro,14インチMacBook Pro [整備済製品] 18コアCPUと40コアGPUを搭載したApple M5 Maxチップ - スペースブラック,685800,G1MNEJ/A,https://www.apple.com/jp/shop/product/g1mnej/a/14%E3%82%A4%E3%83%B3%E3%83%81MacBook-Pro-%E6%95%B4%E5%82%99%E6%B8%88%E8%A3%BD%E5%93%81-18%E3%82%B3%E3%82%A2CPU%E3%81%A840%E3%82%B3%E3%82%A2GPU%E3%82%92%E6%90%AD%E8%BC%89%E3%81%97%E3%81%9FApple-M5-Max%E3%83%81%E3%83%83%E3%83%97-%E3%82%B9%E3%83%9A%E3%83%BC%E3%82%B9%E3%83%96%E3%83%A9%E3%83%83%E3%82%AF?fnode=7905a12fb5f30f17e58450eacd9157066c82f986ed52b2e44ffdcfdde67ed558273141b2ff2b68bf2db814887f2c99facd90fd5f600aa41a4cf2b3e5689ad4d79535562474bbfd88f9b7e53df5307a83
2026-08-01T15:39:51+09:00,macbook-pro,16インチMacBook Pro [整備済製品] 18コアCPUと20コアGPUを搭載したApple M5 Proチップ、Nano-textureディスプレイ - シルバー,693800,G1MW8J/A,https://www.apple.com/jp/shop/product/g1mw8j/a/16%E3%82%A4%E3%83%B3%E3%83%81MacBook-Pro-%E6%95%B4%E5%82%99%E6%B8%88%E8%A3%BD%E5%93%81-18%E3%82%B3%E3%82%A2CPU%E3%81%A820%E3%82%B3%E3%82%A2GPU%E3%82%92%E6%90%AD%E8%BC%89%E3%81%97%E3%81%9FApple-M5-Pro%E3%83%81%E3%83%83%E3%83%97Nano-texture%E3%83%87%E3%82%A3%E3%82%B9%E3%83%97%E3%83%AC%E3%82%A4-%E3%82%B7%E3%83%AB%E3%83%90%E3%83%BC?fnode=7905a12fb5f30f17e58450eacd9157066c82f986ed52b2e44ffdcfdde67ed558273141b2ff2b68bf2db814887f2c99facd90fd5f600aa41a4cf2b3e5689ad4d79535562474bbfd88f9b7e53df5307a83
2026-08-01T15:39:51+09:00,macbook-pro,16インチMacBook Pro [整備済製品] 18コアCPUと20コアGPUを搭載したApple M5 Proチップ、Nano-textureディスプレイ - スペースブラック,693800,G1N08J/A,https://www.apple.com/jp/shop/product/g1n08j/a/16%E3%82%A4%E3%83%B3%E3%83%81MacBook-Pro-%E6%95%B4%E5%82%99%E6%B8%88%E8%A3%BD%E5%93%81-18%E3%82%B3%E3%82%A2CPU%E3%81%A820%E3%82%B3%E3%82%A2GPU%E3%82%92%E6%90%AD%E8%BC%89%E3%81%97%E3%81%9FApple-M5-Pro%E3%83%81%E3%83%83%E3%83%97Nano-texture%E3%83%87%E3%82%A3%E3%82%B9%E3%83%97%E3%83%AC%E3%82%A4-%E3%82%B9%E3%83%9A%E3%83%BC%E3%82%B9%E3%83%96%E3%83%A9%E3%83%83%E3%82%AF?fnode=7905a12fb5f30f17e58450eacd9157066c82f986ed52b2e44ffdcfdde67ed558273141b2ff2b68bf2db814887f2c99facd90fd5f600aa41a4cf2b3e5689ad4d79535562474bbfd88f9b7e53df5307a83
2026-08-01T15:39:51+09:00,macbook-pro,14インチMacBook Pro [整備済製品] 18コアCPUと40コアGPUを搭載したApple M5 Maxチップ、Nano-textureディスプレイ - スペースブラック,708800,G1MNFJ/A,https://www.apple.com/jp/shop/product/g1mnfj/a/14%E3%82%A4%E3%83%B3%E3%83%81MacBook-Pro-%E6%95%B4%E5%82%99%E6%B8%88%E8%A3%BD%E5%93%81-18%E3%82%B3%E3%82%A2CPU%E3%81%A840%E3%82%B3%E3%82%A2GPU%E3%82%92%E6%90%AD%E8%BC%89%E3%81%97%E3%81%9FApple-M5-Max%E3%83%81%E3%83%83%E3%83%97Nano-texture%E3%83%87%E3%82%A3%E3%82%B9%E3%83%97%E3%83%AC%E3%82%A4-%E3%82%B9%E3%83%9A%E3%83%BC%E3%82%B9%E3%83%96%E3%83%A9%E3%83%83%E3%82%AF?fnode=7905a12fb5f30f17e58450eacd9157066c82f986ed52b2e44ffdcfdde67ed558273141b2ff2b68bf2db814887f2c99facd90fd5f600aa41a4cf2b3e5689ad4d79535562474bbfd88f9b7e53df5307a83
2026-08-01T15:39:51+09:00,macbook-pro,16インチMacBook Pro [整備済製品] 18コアCPUと40コアGPUを搭載したApple M5 Maxチップ - シルバー,721800,FGE94J/A,https://www.apple.com/jp/shop/product/fge94j/a/16%E3%82%A4%E3%83%B3%E3%83%81MacBook-Pro-%E6%95%B4%E5%82%99%E6%B8%88%E8%A3%BD%E5%93%81-18%E3%82%B3%E3%82%A2CPU%E3%81%A840%E3%82%B3%E3%82%A2GPU%E3%82%92%E6%90%AD%E8%BC%89%E3%81%97%E3%81%9FApple-M5-Max%E3%83%81%E3%83%83%E3%83%97-%E3%82%B7%E3%83%AB%E3%83%90%E3%83%BC?fnode=7905a12fb5f30f17e58450eacd9157066c82f986ed52b2e44ffdcfdde67ed558273141b2ff2b68bf2db814887f2c99facd90fd5f600aa41a4cf2b3e5689ad4d79535562474bbfd88f9b7e53df5307a83
2026-08-01T15:39:51+09:00,macbook-pro,16インチMacBook Pro [整備済製品] 18コアCPUと40コアGPUを搭載したApple M5 Maxチップ - スペースブラック,721800,FGEE4J/A,https://www.apple.com/jp/shop/product/fgee4j/a/16%E3%82%A4%E3%83%B3%E3%83%81MacBook-Pro-%E6%95%B4%E5%82%99%E6%B8%88%E8%A3%BD%E5%93%81-18%E3%82%B3%E3%82%A2CPU%E3%81%A840%E3%82%B3%E3%82%A2GPU%E3%82%92%E6%90%AD%E8%BC%89%E3%81%97%E3%81%9FApple-M5-Max%E3%83%81%E3%83%83%E3%83%97-%E3%82%B9%E3%83%9A%E3%83%BC%E3%82%B9%E3%83%96%E3%83%A9%E3%83%83%E3%82%AF?fnode=7905a12fb5f30f17e58450eacd9157066c82f986ed52b2e44ffdcfdde67ed558273141b2ff2b68bf2db814887f2c99facd90fd5f600aa41a4cf2b3e5689ad4d79535562474bbfd88f9b7e53df5307a83
2026-08-01T15:39:51+09:00,macbook-pro,14インチMacBook Pro [整備済製品] 18コアCPUと40コアGPUを搭載したApple M5 Maxチップ - シルバー,746800,G1MK1J/A,https://www.apple.com/jp/shop/product/g1mk1j/a/14%E3%82%A4%E3%83%B3%E3%83%81MacBook-Pro-%E6%95%B4%E5%82%99%E6%B8%88%E8%A3%BD%E5%93%81-18%E3%82%B3%E3%82%A2CPU%E3%81%A840%E3%82%B3%E3%82%A2GPU%E3%82%92%E6%90%AD%E8%BC%89%E3%81%97%E3%81%9FApple-M5-Max%E3%83%81%E3%83%83%E3%83%97-%E3%82%B7%E3%83%AB%E3%83%90%E3%83%BC?fnode=7905a12fb5f30f17e58450eacd9157066c82f986ed52b2e44ffdcfdde67ed558273141b2ff2b68bf2db814887f2c99facd90fd5f600aa41a4cf2b3e5689ad4d79535562474bbfd88f9b7e53df5307a83
2026-08-01T15:39:51+09:00,macbook-pro,14インチMacBook Pro [整備済製品] 18コアCPUと32コアGPUを搭載したApple M5 Maxチップ - シルバー,746800,G1MKAJ/A,https://www.apple.com/jp/shop/product/g1mkaj/a/14%E3%82%A4%E3%83%B3%E3%83%81MacBook-Pro-%E6%95%B4%E5%82%99%E6%B8%88%E8%A3%BD%E5%93%81-18%E3%82%B3%E3%82%A2CPU%E3%81%A832%E3%82%B3%E3%82%A2GPU%E3%82%92%E6%90%AD%E8%BC%89%E3%81%97%E3%81%9FApple-M5-Max%E3%83%81%E3%83%83%E3%83%97-%E3%82%B7%E3%83%AB%E3%83%90%E3%83%BC?fnode=7905a12fb5f30f17e58450eacd9157066c82f986ed52b2e44ffdcfdde67ed558273141b2ff2b68bf2db814887f2c99facd90fd5f600aa41a4cf2b3e5689ad4d79535562474bbfd88f9b7e53df5307a83
2026-08-01T15:39:51+09:00,macbook-pro,14インチMacBook Pro [整備済製品] 18コアCPUと40コアGPUを搭載したApple M5 Maxチップ - スペースブラック,746800,G1MN1J/A,https://www.apple.com/jp/shop/product/g1mn1j/a/14%E3%82%A4%E3%83%B3%E3%83%81MacBook-Pro-%E6%95%B4%E5%82%99%E6%B8%88%E8%A3%BD%E5%93%81-18%E3%82%B3%E3%82%A2CPU%E3%81%A840%E3%82%B3%E3%82%A2GPU%E3%82%92%E6%90%AD%E8%BC%89%E3%81%97%E3%81%9FApple-M5-Max%E3%83%81%E3%83%83%E3%83%97-%E3%82%B9%E3%83%9A%E3%83%BC%E3%82%B9%E3%83%96%E3%83%A9%E3%83%83%E3%82%AF?fnode=7905a12fb5f30f17e58450eacd9157066c82f986ed52b2e44ffdcfdde67ed558273141b2ff2b68bf2db814887f2c99facd90fd5f600aa41a4cf2b3e5689ad4d79535562474bbfd88f9b7e53df5307a83
2026-08-01T15:39:51+09:00,macbook-pro,16インチMacBook Pro [整備済製品] 18コアCPUと20コアGPUを搭載したApple M5 Proチップ - スペースブラック,762800,G1N0AJ/A,https://www.apple.com/jp/shop/product/g1n0aj/a/16%E3%82%A4%E3%83%B3%E3%83%81MacBook-Pro-%E6%95%B4%E5%82%99%E6%B8%88%E8%A3%BD%E5%93%81-18%E3%82%B3%E3%82%A2CPU%E3%81%A820%E3%82%B3%E3%82%A2GPU%E3%82%92%E6%90%AD%E8%BC%89%E3%81%97%E3%81%9FApple-M5-Pro%E3%83%81%E3%83%83%E3%83%97-%E3%82%B9%E3%83%9A%E3%83%BC%E3%82%B9%E3%83%96%E3%83%A9%E3%83%83%E3%82%AF?fnode=7905a12fb5f30f17e58450eacd9157066c82f986ed52b2e44ffdcfdde67ed558273141b2ff2b68bf2db814887f2c99facd90fd5f600aa41a4cf2b3e5689ad4d79535562474bbfd88f9b7e53df5307a83
2026-08-01T15:39:51+09:00,macbook-pro,14インチMacBook Pro [整備済製品] 18コアCPUと20コアGPUを搭載したApple M5 Proチップ - シルバー,772800,G1MJ8J/A,https://www.apple.com/jp/shop/product/g1mj8j/a/14%E3%82%A4%E3%83%B3%E3%83%81MacBook-Pro-%E6%95%B4%E5%82%99%E6%B8%88%E8%A3%BD%E5%93%81-18%E3%82%B3%E3%82%A2CPU%E3%81%A820%E3%82%B3%E3%82%A2GPU%E3%82%92%E6%90%AD%E8%BC%89%E3%81%97%E3%81%9FApple-M5-Pro%E3%83%81%E3%83%83%E3%83%97-%E3%82%B7%E3%83%AB%E3%83%90%E3%83%BC?fnode=7905a12fb5f30f17e58450eacd9157066c82f986ed52b2e44ffdcfdde67ed558273141b2ff2b68bf2db814887f2c99facd90fd5f600aa41a4cf2b3e5689ad4d79535562474bbfd88f9b7e53df5307a83
2026-08-01T15:39:51+09:00,macbook-pro,16インチMacBook Pro [整備済製品] 14コアCPUと32コアGPUを搭載したApple M4 Maxチップ - スペースブラック,773800,G1FV1J/A,https://www.apple.com/jp/shop/product/g1fv1j/a/16%E3%82%A4%E3%83%B3%E3%83%81MacBook-Pro-%E6%95%B4%E5%82%99%E6%B8%88%E8%A3%BD%E5%93%81-14%E3%82%B3%E3%82%A2CPU%E3%81%A832%E3%82%B3%E3%82%A2GPU%E3%82%92%E6%90%AD%E8%BC%89%E3%81%97%E3%81%9FApple-M4-Max%E3%83%81%E3%83%83%E3%83%97-%E3%82%B9%E3%83%9A%E3%83%BC%E3%82%B9%E3%83%96%E3%83%A9%E3%83%83%E3%82%AF?fnode=7905a12fb5f30f17e58450eacd9157066c82f986ed52b2e44ffdcfdde67ed558273141b2ff2b68bf2db814887f2c99facd90fd5f600aa41a4cf2b3e5689ad4d79535562474bbfd88f9b7e53df5307a83
2026-08-01T15:39:51+09:00,macbook-pro,16インチMacBook Pro [整備済製品] 18コアCPUと32コアGPUを搭載したApple M5 Maxチップ - シルバー,782800,G1MX1J/A,https://www.apple.com/jp/shop/product/g1mx1j/a/16%E3%82%A4%E3%83%B3%E3%83%81MacBook-Pro-%E6%95%B4%E5%82%99%E6%B8%88%E8%A3%BD%E5%93%81-18%E3%82%B3%E3%82%A2CPU%E3%81%A832%E3%82%B3%E3%82%A2GPU%E3%82%92%E6%90%AD%E8%BC%89%E3%81%97%E3%81%9FApple-M5-Max%E3%83%81%E3%83%83%E3%83%97-%E3%82%B7%E3%83%AB%E3%83%90%E3%83%BC?fnode=7905a12fb5f30f17e58450eacd9157066c82f986ed52b2e44ffdcfdde67ed558273141b2ff2b68bf2db814887f2c99facd90fd5f600aa41a4cf2b3e5689ad4d79535562474bbfd88f9b7e53df5307a83
2026-08-01T15:39:51+09:00,macbook-pro,16インチMacBook Pro [整備済製品] 18コアCPUと32コアGPUを搭載したApple M5 Maxチップ、Nano-textureディスプレイ - シルバー,805800,G1MX3J/A,https://www.apple.com/jp/shop/product/g1mx3j/a/16%E3%82%A4%E3%83%B3%E3%83%81MacBook-Pro-%E6%95%B4%E5%82%99%E6%B8%88%E8%A3%BD%E5%93%81-18%E3%82%B3%E3%82%A2CPU%E3%81%A832%E3%82%B3%E3%82%A2GPU%E3%82%92%E6%90%AD%E8%BC%89%E3%81%97%E3%81%9FApple-M5-Max%E3%83%81%E3%83%83%E3%83%97Nano-texture%E3%83%87%E3%82%A3%E3%82%B9%E3%83%97%E3%83%AC%E3%82%A4-%E3%82%B7%E3%83%AB%E3%83%90%E3%83%BC?fnode=7905a12fb5f30f17e58450eacd9157066c82f986ed52b2e44ffdcfdde67ed558273141b2ff2b68bf2db814887f2c99facd90fd5f600aa41a4cf2b3e5689ad4d79535562474bbfd88f9b7e53df5307a83
2026-08-01T15:39:51+09:00,macbook-pro,16インチMacBook Pro [整備済製品] 18コアCPUと40コアGPUを搭載したApple M5 Maxチップ、Nano-textureディスプレイ - シルバー,805800,G1MY4J/A,https://www.apple.com/jp/shop/product/g1my4j/a/16%E3%82%A4%E3%83%B3%E3%83%81MacBook-Pro-%E6%95%B4%E5%82%99%E6%B8%88%E8%A3%BD%E5%93%81-18%E3%82%B3%E3%82%A2CPU%E3%81%A840%E3%82%B3%E3%82%A2GPU%E3%82%92%E6%90%AD%E8%BC%89%E3%81%97%E3%81%9FApple-M5-Max%E3%83%81%E3%83%83%E3%83%97Nano-texture%E3%83%87%E3%82%A3%E3%82%B9%E3%83%97%E3%83%AC%E3%82%A4-%E3%82%B7%E3%83%AB%E3%83%90%E3%83%BC?fnode=7905a12fb5f30f17e58450eacd9157066c82f986ed52b2e44ffdcfdde67ed558273141b2ff2b68bf2db814887f2c99facd90fd5f600aa41a4cf2b3e5689ad4d79535562474bbfd88f9b7e53df5307a83
2026-08-01T15:39:51+09:00,macbook-pro,16インチMacBook Pro [整備済製品] 18コアCPUと40コアGPUを搭載したApple M5 Maxチップ、Nano-textureディスプレイ - スペースブラック,805800,G1N24J/A,https://www.apple.com/jp/shop/product/g1n24j/a/16%E3%82%A4%E3%83%B3%E3%83%81MacBook-Pro-%E6%95%B4%E5%82%99%E6%B8%88%E8%A3%BD%E5%93%81-18%E3%82%B3%E3%82%A2CPU%E3%81%A840%E3%82%B3%E3%82%A2GPU%E3%82%92%E6%90%AD%E8%BC%89%E3%81%97%E3%81%9FApple-M5-Max%E3%83%81%E3%83%83%E3%83%97Nano-texture%E3%83%87%E3%82%A3%E3%82%B9%E3%83%97%E3%83%AC%E3%82%A4-%E3%82%B9%E3%83%9A%E3%83%BC%E3%82%B9%E3%83%96%E3%83%A9%E3%83%83%E3%82%AF?fnode=7905a12fb5f30f17e58450eacd9157066c82f986ed52b2e44ffdcfdde67ed558273141b2ff2b68bf2db814887f2c99facd90fd5f600aa41a4cf2b3e5689ad4d79535562474bbfd88f9b7e53df5307a83
2026-08-01T15:39:51+09:00,macbook-pro,16インチMacBook Pro [整備済製品] 18コアCPUと20コアGPUを搭載したApple M5 Proチップ - シルバー,824800,G1MW4J/A,https://www.apple.com/jp/shop/product/g1mw4j/a/16%E3%82%A4%E3%83%B3%E3%83%81MacBook-Pro-%E6%95%B4%E5%82%99%E6%B8%88%E8%A3%BD%E5%93%81-18%E3%82%B3%E3%82%A2CPU%E3%81%A820%E3%82%B3%E3%82%A2GPU%E3%82%92%E6%90%AD%E8%BC%89%E3%81%97%E3%81%9FApple-M5-Pro%E3%83%81%E3%83%83%E3%83%97-%E3%82%B7%E3%83%AB%E3%83%90%E3%83%BC?fnode=7905a12fb5f30f17e58450eacd9157066c82f986ed52b2e44ffdcfdde67ed558273141b2ff2b68bf2db814887f2c99facd90fd5f600aa41a4cf2b3e5689ad4d79535562474bbfd88f9b7e53df5307a83
2026-08-01T15:39:51+09:00,macbook-pro,16インチMacBook Pro [整備済製品] 18コアCPUと20コアGPUを搭載したApple M5 Proチップ - スペースブラック,824800,G1N04J/A,https://www.apple.com/jp/shop/product/g1n04j/a/16%E3%82%A4%E3%83%B3%E3%83%81MacBook-Pro-%E6%95%B4%E5%82%99%E6%B8%88%E8%A3%BD%E5%93%81-18%E3%82%B3%E3%82%A2CPU%E3%81%A820%E3%82%B3%E3%82%A2GPU%E3%82%92%E6%90%AD%E8%BC%89%E3%81%97%E3%81%9FApple-M5-Pro%E3%83%81%E3%83%83%E3%83%97-%E3%82%B9%E3%83%9A%E3%83%BC%E3%82%B9%E3%83%96%E3%83%A9%E3%83%83%E3%82%AF?fnode=7905a12fb5f30f17e58450eacd9157066c82f986ed52b2e44ffdcfdde67ed558273141b2ff2b68bf2db814887f2c99facd90fd5f600aa41a4cf2b3e5689ad4d79535562474bbfd88f9b7e53df5307a83
2026-08-01T15:39:51+09:00,macbook-pro,16インチMacBook Pro [整備済製品] 18コアCPUと20コアGPUを搭載したApple M5 Proチップ、Nano-textureディスプレイ - シルバー,846800,G1MW9J/A,https://www.apple.com/jp/shop/product/g1mw9j/a/16%E3%82%A4%E3%83%B3%E3%83%81MacBook-Pro-%E6%95%B4%E5%82%99%E6%B8%88%E8%A3%BD%E5%93%81-18%E3%82%B3%E3%82%A2CPU%E3%81%A820%E3%82%B3%E3%82%A2GPU%E3%82%92%E6%90%AD%E8%BC%89%E3%81%97%E3%81%9FApple-M5-Pro%E3%83%81%E3%83%83%E3%83%97Nano-texture%E3%83%87%E3%82%A3%E3%82%B9%E3%83%97%E3%83%AC%E3%82%A4-%E3%82%B7%E3%83%AB%E3%83%90%E3%83%BC?fnode=7905a12fb5f30f17e58450eacd9157066c82f986ed52b2e44ffdcfdde67ed558273141b2ff2b68bf2db814887f2c99facd90fd5f600aa41a4cf2b3e5689ad4d79535562474bbfd88f9b7e53df5307a83
2026-08-01T15:39:51+09:00,macbook-pro,16インチMacBook Pro [整備済製品] 18コアCPUと20コアGPUを搭載したApple M5 Proチップ、Nano-textureディスプレイ - スペースブラック,846800,G1N09J/A,https://www.apple.com/jp/shop/product/g1n09j/a/16%E3%82%A4%E3%83%B3%E3%83%81MacBook-Pro-%E6%95%B4%E5%82%99%E6%B8%88%E8%A3%BD%E5%93%81-18%E3%82%B3%E3%82%A2CPU%E3%81%A820%E3%82%B3%E3%82%A2GPU%E3%82%92%E6%90%AD%E8%BC%89%E3%81%97%E3%81%9FApple-M5-Pro%E3%83%81%E3%83%83%E3%83%97Nano-texture%E3%83%87%E3%82%A3%E3%82%B9%E3%83%97%E3%83%AC%E3%82%A4-%E3%82%B9%E3%83%9A%E3%83%BC%E3%82%B9%E3%83%96%E3%83%A9%E3%83%83%E3%82%AF?fnode=7905a12fb5f30f17e58450eacd9157066c82f986ed52b2e44ffdcfdde67ed558273141b2ff2b68bf2db814887f2c99facd90fd5f600aa41a4cf2b3e5689ad4d79535562474bbfd88f9b7e53df5307a83
2026-08-01T15:39:51+09:00,macbook-pro,16インチMacBook Pro [整備済製品] 18コアCPUと40コアGPUを搭載したApple M5 Maxチップ、Nano-textureディスプレイ - スペースブラック,897800,G1N22J/A,https://www.apple.com/jp/shop/product/g1n22j/a/16%E3%82%A4%E3%83%B3%E3%83%81MacBook-Pro-%E6%95%B4%E5%82%99%E6%B8%88%E8%A3%BD%E5%93%81-18%E3%82%B3%E3%82%A2CPU%E3%81%A840%E3%82%B3%E3%82%A2GPU%E3%82%92%E6%90%AD%E8%BC%89%E3%81%97%E3%81%9FApple-M5-Max%E3%83%81%E3%83%83%E3%83%97Nano-texture%E3%83%87%E3%82%A3%E3%82%B9%E3%83%97%E3%83%AC%E3%82%A4-%E3%82%B9%E3%83%9A%E3%83%BC%E3%82%B9%E3%83%96%E3%83%A9%E3%83%83%E3%82%AF?fnode=7905a12fb5f30f17e58450eacd9157066c82f986ed52b2e44ffdcfdde67ed558273141b2ff2b68bf2db814887f2c99facd90fd5f600aa41a4cf2b3e5689ad4d79535562474bbfd88f9b7e53df5307a83
2026-08-01T15:39:51+09:00,macbook-pro,16インチMacBook Pro [整備済製品] 18コアCPUと40コアGPUを搭載したApple M5 Maxチップ、Nano-textureディスプレイ - シルバー,958800,G1MY5J/A,https://www.apple.com/jp/shop/product/g1my5j/a/16%E3%82%A4%E3%83%B3%E3%83%81MacBook-Pro-%E6%95%B4%E5%82%99%E6%B8%88%E8%A3%BD%E5%93%81-18%E3%82%B3%E3%82%A2CPU%E3%81%A840%E3%82%B3%E3%82%A2GPU%E3%82%92%E6%90%AD%E8%BC%89%E3%81%97%E3%81%9FApple-M5-Max%E3%83%81%E3%83%83%E3%83%97Nano-texture%E3%83%87%E3%82%A3%E3%82%B9%E3%83%97%E3%83%AC%E3%82%A4-%E3%82%B7%E3%83%AB%E3%83%90%E3%83%BC?fnode=7905a12fb5f30f17e58450eacd9157066c82f986ed52b2e44ffdcfdde67ed558273141b2ff2b68bf2db814887f2c99facd90fd5f600aa41a4cf2b3e5689ad4d79535562474bbfd88f9b7e53df5307a83
2026-08-01T15:39:51+09:00,macbook-pro,16インチMacBook Pro [整備済製品] 18コアCPUと40コアGPUを搭載したApple M5 Maxチップ、Nano-textureディスプレイ - スペースブラック,958800,G1N25J/A,https://www.apple.com/jp/shop/product/g1n25j/a/16%E3%82%A4%E3%83%B3%E3%83%81MacBook-Pro-%E6%95%B4%E5%82%99%E6%B8%88%E8%A3%BD%E5%93%81-18%E3%82%B3%E3%82%A2CPU%E3%81%A840%E3%82%B3%E3%82%A2GPU%E3%82%92%E6%90%AD%E8%BC%89%E3%81%97%E3%81%9FApple-M5-Max%E3%83%81%E3%83%83%E3%83%97Nano-texture%E3%83%87%E3%82%A3%E3%82%B9%E3%83%97%E3%83%AC%E3%82%A4-%E3%82%B9%E3%83%9A%E3%83%BC%E3%82%B9%E3%83%96%E3%83%A9%E3%83%83%E3%82%AF?fnode=7905a12fb5f30f17e58450eacd9157066c82f986ed52b2e44ffdcfdde67ed558273141b2ff2b68bf2db814887f2c99facd90fd5f600aa41a4cf2b3e5689ad4d79535562474bbfd88f9b7e53df5307a83
2026-08-01T15:39:51+09:00,macbook-pro,14インチMacBook Pro [整備済製品] 18コアCPUと40コアGPUを搭載したApple M5 Maxチップ - シルバー,991800,G1MK4J/A,https://www.apple.com/jp/shop/product/g1mk4j/a/14%E3%82%A4%E3%83%B3%E3%83%81MacBook-Pro-%E6%95%B4%E5%82%99%E6%B8%88%E8%A3%BD%E5%93%81-18%E3%82%B3%E3%82%A2CPU%E3%81%A840%E3%82%B3%E3%82%A2GPU%E3%82%92%E6%90%AD%E8%BC%89%E3%81%97%E3%81%9FApple-M5-Max%E3%83%81%E3%83%83%E3%83%97-%E3%82%B7%E3%83%AB%E3%83%90%E3%83%BC?fnode=7905a12fb5f30f17e58450eacd9157066c82f986ed52b2e44ffdcfdde67ed558273141b2ff2b68bf2db814887f2c99facd90fd5f600aa41a4cf2b3e5689ad4d79535562474bbfd88f9b7e53df5307a83
2026-08-01T15:39:51+09:00,macbook-pro,14インチMacBook Pro [整備済製品] 18コアCPUと40コアGPUを搭載したApple M5 Maxチップ - スペースブラック,991800,G1MN4J/A,https://www.apple.com/jp/shop/product/g1mn4j/a/14%E3%82%A4%E3%83%B3%E3%83%81MacBook-Pro-%E6%95%B4%E5%82%99%E6%B8%88%E8%A3%BD%E5%93%81-18%E3%82%B3%E3%82%A2CPU%E3%81%A840%E3%82%B3%E3%82%A2GPU%E3%82%92%E6%90%AD%E8%BC%89%E3%81%97%E3%81%9FApple-M5-Max%E3%83%81%E3%83%83%E3%83%97-%E3%82%B9%E3%83%9A%E3%83%BC%E3%82%B9%E3%83%96%E3%83%A9%E3%83%83%E3%82%AF?fnode=7905a12fb5f30f17e58450eacd9157066c82f986ed52b2e44ffdcfdde67ed558273141b2ff2b68bf2db814887f2c99facd90fd5f600aa41a4cf2b3e5689ad4d79535562474bbfd88f9b7e53df5307a83
2026-08-01T15:39:51+09:00,macbook-pro,14インチMacBook Pro [整備済製品] 18コアCPUと40コアGPUを搭載したApple M5 Maxチップ、Nano-textureディスプレイ - スペースブラック,1014800,G1MN5J/A,https://www.apple.com/jp/shop/product/g1mn5j/a/14%E3%82%A4%E3%83%B3%E3%83%81MacBook-Pro-%E6%95%B4%E5%82%99%E6%B8%88%E8%A3%BD%E5%93%81-18%E3%82%B3%E3%82%A2CPU%E3%81%A840%E3%82%B3%E3%82%A2GPU%E3%82%92%E6%90%AD%E8%BC%89%E3%81%97%E3%81%9FApple-M5-Max%E3%83%81%E3%83%83%E3%83%97Nano-texture%E3%83%87%E3%82%A3%E3%82%B9%E3%83%97%E3%83%AC%E3%82%A4-%E3%82%B9%E3%83%9A%E3%83%BC%E3%82%B9%E3%83%96%E3%83%A9%E3%83%83%E3%82%AF?fnode=7905a12fb5f30f17e58450eacd9157066c82f986ed52b2e44ffdcfdde67ed558273141b2ff2b68bf2db814887f2c99facd90fd5f600aa41a4cf2b3e5689ad4d79535562474bbfd88f9b7e53df5307a83
2026-08-01T15:39:51+09:00,macbook-pro,16インチMacBook Pro [整備済製品] 18コアCPUと40コアGPUを搭載したApple M5 Maxチップ - シルバー,1027800,G1MYEJ/A,https://www.apple.com/jp/shop/product/g1myej/a/16%E3%82%A4%E3%83%B3%E3%83%81MacBook-Pro-%E6%95%B4%E5%82%99%E6%B8%88%E8%A3%BD%E5%93%81-18%E3%82%B3%E3%82%A2CPU%E3%81%A840%E3%82%B3%E3%82%A2GPU%E3%82%92%E6%90%AD%E8%BC%89%E3%81%97%E3%81%9FApple-M5-Max%E3%83%81%E3%83%83%E3%83%97-%E3%82%B7%E3%83%AB%E3%83%90%E3%83%BC?fnode=7905a12fb5f30f17e58450eacd9157066c82f986ed52b2e44ffdcfdde67ed558273141b2ff2b68bf2db814887f2c99facd90fd5f600aa41a4cf2b3e5689ad4d79535562474bbfd88f9b7e53df5307a83
2026-08-01T15:39:51+09:00,macbook-pro,16インチMacBook Pro [整備済製品] 18コアCPUと40コアGPUを搭載したApple M5 Maxチップ - スペースブラック,1027800,G1N2EJ/A,https://www.apple.com/jp/shop/product/g1n2ej/a/16%E3%82%A4%E3%83%B3%E3%83%81MacBook-Pro-%E6%95%B4%E5%82%99%E6%B8%88%E8%A3%BD%E5%93%81-18%E3%82%B3%E3%82%A2CPU%E3%81%A840%E3%82%B3%E3%82%A2GPU%E3%82%92%E6%90%AD%E8%BC%89%E3%81%97%E3%81%9FApple-M5-Max%E3%83%81%E3%83%83%E3%83%97-%E3%82%B9%E3%83%9A%E3%83%BC%E3%82%B9%E3%83%96%E3%83%A9%E3%83%83%E3%82%AF?fnode=7905a12fb5f30f17e58450eacd9157066c82f986ed52b2e44ffdcfdde67ed558273141b2ff2b68bf2db814887f2c99facd90fd5f600aa41a4cf2b3e5689ad4d79535562474bbfd88f9b7e53df5307a83
2026-08-01T15:39:51+09:00,macbook-pro,16インチMacBook Pro [整備済製品] 16コアCPUと40コアGPUを搭載したApple M4 Maxチップ、Nano-textureディスプレイ - スペースブラック,1040800,G1FWLJ/A,https://www.apple.com/jp/shop/product/g1fwlj/a/16%E3%82%A4%E3%83%B3%E3%83%81MacBook-Pro-%E6%95%B4%E5%82%99%E6%B8%88%E8%A3%BD%E5%93%81-16%E3%82%B3%E3%82%A2CPU%E3%81%A840%E3%82%B3%E3%82%A2GPU%E3%82%92%E6%90%AD%E8%BC%89%E3%81%97%E3%81%9FApple-M4-Max%E3%83%81%E3%83%83%E3%83%97Nano-texture%E3%83%87%E3%82%A3%E3%82%B9%E3%83%97%E3%83%AC%E3%82%A4-%E3%82%B9%E3%83%9A%E3%83%BC%E3%82%B9%E3%83%96%E3%83%A9%E3%83%83%E3%82%AF?fnode=7905a12fb5f30f17e58450eacd9157066c82f986ed52b2e44ffdcfdde67ed558273141b2ff2b68bf2db814887f2c99facd90fd5f600aa41a4cf2b3e5689ad4d79535562474bbfd88f9b7e53df5307a83
2026-08-01T15:39:51+09:00,macbook-pro,16インチMacBook Pro [整備済製品] 18コアCPUと40コアGPUを搭載したApple M5 Maxチップ、Nano-textureディスプレイ - シルバー,1050800,G1MY7J/A,https://www.apple.com/jp/shop/product/g1my7j/a/16%E3%82%A4%E3%83%B3%E3%83%81MacBook-Pro-%E6%95%B4%E5%82%99%E6%B8%88%E8%A3%BD%E5%93%81-18%E3%82%B3%E3%82%A2CPU%E3%81%A840%E3%82%B3%E3%82%A2GPU%E3%82%92%E6%90%AD%E8%BC%89%E3%81%97%E3%81%9FApple-M5-Max%E3%83%81%E3%83%83%E3%83%97Nano-texture%E3%83%87%E3%82%A3%E3%82%B9%E3%83%97%E3%83%AC%E3%82%A4-%E3%82%B7%E3%83%AB%E3%83%90%E3%83%BC?fnode=7905a12fb5f30f17e58450eacd9157066c82f986ed52b2e44ffdcfdde67ed558273141b2ff2b68bf2db814887f2c99facd90fd5f600aa41a4cf2b3e5689ad4d79535562474bbfd88f9b7e53df5307a83
2026-08-01T15:39:51+09:00,macbook-pro,16インチMacBook Pro [整備済製品] 18コアCPUと40コアGPUを搭載したApple M5 Maxチップ、Nano-textureディスプレイ - スペースブラック,1050800,G1N27J/A,https://www.apple.com/jp/shop/product/g1n27j/a/16%E3%82%A4%E3%83%B3%E3%83%81MacBook-Pro-%E6%95%B4%E5%82%99%E6%B8%88%E8%A3%BD%E5%93%81-18%E3%82%B3%E3%82%A2CPU%E3%81%A840%E3%82%B3%E3%82%A2GPU%E3%82%92%E6%90%AD%E8%BC%89%E3%81%97%E3%81%9FApple-M5-Max%E3%83%81%E3%83%83%E3%83%97Nano-texture%E3%83%87%E3%82%A3%E3%82%B9%E3%83%97%E3%83%AC%E3%82%A4-%E3%82%B9%E3%83%9A%E3%83%BC%E3%82%B9%E3%83%96%E3%83%A9%E3%83%83%E3%82%AF?fnode=7905a12fb5f30f17e58450eacd9157066c82f986ed52b2e44ffdcfdde67ed558273141b2ff2b68bf2db814887f2c99facd90fd5f600aa41a4cf2b3e5689ad4d79535562474bbfd88f9b7e53df5307a83
2026-08-01T15:39:51+09:00,macbook-pro,14インチMacBook Pro [整備済製品] 18コアCPUと40コアGPUを搭載したApple M5 Maxチップ - シルバー,1144800,G1MK6J/A,https://www.apple.com/jp/shop/product/g1mk6j/a/14%E3%82%A4%E3%83%B3%E3%83%81MacBook-Pro-%E6%95%B4%E5%82%99%E6%B8%88%E8%A3%BD%E5%93%81-18%E3%82%B3%E3%82%A2CPU%E3%81%A840%E3%82%B3%E3%82%A2GPU%E3%82%92%E6%90%AD%E8%BC%89%E3%81%97%E3%81%9FApple-M5-Max%E3%83%81%E3%83%83%E3%83%97-%E3%82%B7%E3%83%AB%E3%83%90%E3%83%BC?fnode=7905a12fb5f30f17e58450eacd9157066c82f986ed52b2e44ffdcfdde67ed558273141b2ff2b68bf2db814887f2c99facd90fd5f600aa41a4cf2b3e5689ad4d79535562474bbfd88f9b7e53df5307a83
2026-08-01T15:39:51+09:00,macbook-pro,14インチMacBook Pro [整備済製品] 18コアCPUと40コアGPUを搭載したApple M5 Maxチップ - スペースブラック,1144800,G1MN6J/A,https://www.apple.com/jp/shop/product/g1mn6j/a/14%E3%82%A4%E3%83%B3%E3%83%81MacBook-Pro-%E6%95%B4%E5%82%99%E6%B8%88%E8%A3%BD%E5%93%81-18%E3%82%B3%E3%82%A2CPU%E3%81%A840%E3%82%B3%E3%82%A2GPU%E3%82%92%E6%90%AD%E8%BC%89%E3%81%97%E3%81%9FApple-M5-Max%E3%83%81%E3%83%83%E3%83%97-%E3%82%B9%E3%83%9A%E3%83%BC%E3%82%B9%E3%83%96%E3%83%A9%E3%83%83%E3%82%AF?fnode=7905a12fb5f30f17e58450eacd9157066c82f986ed52b2e44ffdcfdde67ed558273141b2ff2b68bf2db814887f2c99facd90fd5f600aa41a4cf2b3e5689ad4d79535562474bbfd88f9b7e53df5307a83
2026-08-01T15:39:51+09:00,macbook-pro,14インチMacBook Pro [整備済製品] 18コアCPUと40コアGPUを搭載したApple M5 Maxチップ、Nano-textureディスプレイ - シルバー,1167800,G1MK7J/A,https://www.apple.com/jp/shop/product/g1mk7j/a/14%E3%82%A4%E3%83%B3%E3%83%81MacBook-Pro-%E6%95%B4%E5%82%99%E6%B8%88%E8%A3%BD%E5%93%81-18%E3%82%B3%E3%82%A2CPU%E3%81%A840%E3%82%B3%E3%82%A2GPU%E3%82%92%E6%90%AD%E8%BC%89%E3%81%97%E3%81%9FApple-M5-Max%E3%83%81%E3%83%83%E3%83%97Nano-texture%E3%83%87%E3%82%A3%E3%82%B9%E3%83%97%E3%83%AC%E3%82%A4-%E3%82%B7%E3%83%AB%E3%83%90%E3%83%BC?fnode=7905a12fb5f30f17e58450eacd9157066c82f986ed52b2e44ffdcfdde67ed558273141b2ff2b68bf2db814887f2c99facd90fd5f600aa41a4cf2b3e5689ad4d79535562474bbfd88f9b7e53df5307a83
2026-08-01T15:39:51+09:00,macbook-pro,14インチMacBook Pro [整備済製品] 18コアCPUと40コアGPUを搭載したApple M5 Maxチップ、Nano-textureディスプレイ - スペースブラック,1167800,G1MN7J/A,https://www.apple.com/jp/shop/product/g1mn7j/a/14%E3%82%A4%E3%83%B3%E3%83%81MacBook-Pro-%E6%95%B4%E5%82%99%E6%B8%88%E8%A3%BD%E5%93%81-18%E3%82%B3%E3%82%A2CPU%E3%81%A840%E3%82%B3%E3%82%A2GPU%E3%82%92%E6%90%AD%E8%BC%89%E3%81%97%E3%81%9FApple-M5-Max%E3%83%81%E3%83%83%E3%83%97Nano-texture%E3%83%87%E3%82%A3%E3%82%B9%E3%83%97%E3%83%AC%E3%82%A4-%E3%82%B9%E3%83%9A%E3%83%BC%E3%82%B9%E3%83%96%E3%83%A9%E3%83%83%E3%82%AF?fnode=7905a12fb5f30f17e58450eacd9157066c82f986ed52b2e44ffdcfdde67ed558273141b2ff2b68bf2db814887f2c99facd90fd5f600aa41a4cf2b3e5689ad4d79535562474bbfd88f9b7e53df5307a83
2026-08-01T15:39:51+09:00,macbook-pro,16インチMacBook Pro [整備済製品] 16コアCPUと40コアGPUを搭載したApple M4 Maxチップ - スペースブラック,1170800,G1FW2J/A,https://www.apple.com/jp/shop/product/g1fw2j/a/16%E3%82%A4%E3%83%B3%E3%83%81MacBook-Pro-%E6%95%B4%E5%82%99%E6%B8%88%E8%A3%BD%E5%93%81-16%E3%82%B3%E3%82%A2CPU%E3%81%A840%E3%82%B3%E3%82%A2GPU%E3%82%92%E6%90%AD%E8%BC%89%E3%81%97%E3%81%9FApple-M4-Max%E3%83%81%E3%83%83%E3%83%97-%E3%82%B9%E3%83%9A%E3%83%BC%E3%82%B9%E3%83%96%E3%83%A9%E3%83%83%E3%82%AF?fnode=7905a12fb5f30f17e58450eacd9157066c82f986ed52b2e44ffdcfdde67ed558273141b2ff2b68bf2db814887f2c99facd90fd5f600aa41a4cf2b3e5689ad4d79535562474bbfd88f9b7e53df5307a83
2026-08-01T15:39:51+09:00,macbook-pro,16インチMacBook Pro [整備済製品] 18コアCPUと40コアGPUを搭載したApple M5 Maxチップ - シルバー,1180800,G1MYFJ/A,https://www.apple.com/jp/shop/product/g1myfj/a/16%E3%82%A4%E3%83%B3%E3%83%81MacBook-Pro-%E6%95%B4%E5%82%99%E6%B8%88%E8%A3%BD%E5%93%81-18%E3%82%B3%E3%82%A2CPU%E3%81%A840%E3%82%B3%E3%82%A2GPU%E3%82%92%E6%90%AD%E8%BC%89%E3%81%97%E3%81%9FApple-M5-Max%E3%83%81%E3%83%83%E3%83%97-%E3%82%B7%E3%83%AB%E3%83%90%E3%83%BC?fnode=7905a12fb5f30f17e58450eacd9157066c82f986ed52b2e44ffdcfdde67ed558273141b2ff2b68bf2db814887f2c99facd90fd5f600aa41a4cf2b3e5689ad4d79535562474bbfd88f9b7e53df5307a83
2026-08-01T15:39:51+09:00,macbook-pro,16インチMacBook Pro [整備済製品] 18コアCPUと40コアGPUを搭載したApple M5 Maxチップ - スペースブラック,1180800,G1N2FJ/A,https://www.apple.com/jp/shop/product/g1n2fj/a/16%E3%82%A4%E3%83%B3%E3%83%81MacBook-Pro-%E6%95%B4%E5%82%99%E6%B8%88%E8%A3%BD%E5%93%81-18%E3%82%B3%E3%82%A2CPU%E3%81%A840%E3%82%B3%E3%82%A2GPU%E3%82%92%E6%90%AD%E8%BC%89%E3%81%97%E3%81%9FApple-M5-Max%E3%83%81%E3%83%83%E3%83%97-%E3%82%B9%E3%83%9A%E3%83%BC%E3%82%B9%E3%83%96%E3%83%A9%E3%83%83%E3%82%AF?fnode=7905a12fb5f30f17e58450eacd9157066c82f986ed52b2e44ffdcfdde67ed558273141b2ff2b68bf2db814887f2c99facd90fd5f600aa41a4cf2b3e5689ad4d79535562474bbfd88f9b7e53df5307a83
2026-08-01T15:39:51+09:00,macbook-pro,16インチMacBook Pro [整備済製品] 16コアCPUと40コアGPUを搭載したApple M4 Maxチップ、Nano-textureディスプレイ - スペースブラック,1193800,G1FWMJ/A,https://www.apple.com/jp/shop/product/g1fwmj/a/16%E3%82%A4%E3%83%B3%E3%83%81MacBook-Pro-%E6%95%B4%E5%82%99%E6%B8%88%E8%A3%BD%E5%93%81-16%E3%82%B3%E3%82%A2CPU%E3%81%A840%E3%82%B3%E3%82%A2GPU%E3%82%92%E6%90%AD%E8%BC%89%E3%81%97%E3%81%9FApple-M4-Max%E3%83%81%E3%83%83%E3%83%97Nano-texture%E3%83%87%E3%82%A3%E3%82%B9%E3%83%97%E3%83%AC%E3%82%A4-%E3%82%B9%E3%83%9A%E3%83%BC%E3%82%B9%E3%83%96%E3%83%A9%E3%83%83%E3%82%AF?fnode=7905a12fb5f30f17e58450eacd9157066c82f986ed52b2e44ffdcfdde67ed558273141b2ff2b68bf2db814887f2c99facd90fd5f600aa41a4cf2b3e5689ad4d79535562474bbfd88f9b7e53df5307a83
2026-08-01T15:39:51+09:00,macbook-pro,16インチMacBook Pro [整備済製品] 18コアCPUと40コアGPUを搭載したApple M5 Maxチップ、Nano-textureディスプレイ - スペースブラック,1203800,G1N28J/A,https://www.apple.com/jp/shop/product/g1n28j/a/16%E3%82%A4%E3%83%B3%E3%83%81MacBook-Pro-%E6%95%B4%E5%82%99%E6%B8%88%E8%A3%BD%E5%93%81-18%E3%82%B3%E3%82%A2CPU%E3%81%A840%E3%82%B3%E3%82%A2GPU%E3%82%92%E6%90%AD%E8%BC%89%E3%81%97%E3%81%9FApple-M5-Max%E3%83%81%E3%83%83%E3%83%97Nano-texture%E3%83%87%E3%82%A3%E3%82%B9%E3%83%97%E3%83%AC%E3%82%A4-%E3%82%B9%E3%83%9A%E3%83%BC%E3%82%B9%E3%83%96%E3%83%A9%E3%83%83%E3%82%AF?fnode=7905a12fb5f30f17e58450eacd9157066c82f986ed52b2e44ffdcfdde67ed558273141b2ff2b68bf2db814887f2c99facd90fd5f600aa41a4cf2b3e5689ad4d79535562474bbfd88f9b7e53df5307a83
2026-08-01T15:39:51+09:00,macbook-pro,14インチMacBook Pro [整備済製品] 18コアCPUと40コアGPUを搭載したApple M5 Maxチップ - スペースブラック,1205800,G1MN2J/A,https://www.apple.com/jp/shop/product/g1mn2j/a/14%E3%82%A4%E3%83%B3%E3%83%81MacBook-Pro-%E6%95%B4%E5%82%99%E6%B8%88%E8%A3%BD%E5%93%81-18%E3%82%B3%E3%82%A2CPU%E3%81%A840%E3%82%B3%E3%82%A2GPU%E3%82%92%E6%90%AD%E8%BC%89%E3%81%97%E3%81%9FApple-M5-Max%E3%83%81%E3%83%83%E3%83%97-%E3%82%B9%E3%83%9A%E3%83%BC%E3%82%B9%E3%83%96%E3%83%A9%E3%83%83%E3%82%AF?fnode=7905a12fb5f30f17e58450eacd9157066c82f986ed52b2e44ffdcfdde67ed558273141b2ff2b68bf2db814887f2c99facd90fd5f600aa41a4cf2b3e5689ad4d79535562474bbfd88f9b7e53df5307a83
2026-08-01T15:39:51+09:00,macbook-pro,14インチMacBook Pro [整備済製品] 18コアCPUと40コアGPUを搭載したApple M5 Maxチップ、Nano-textureディスプレイ - シルバー,1228800,G1MK3J/A,https://www.apple.com/jp/shop/product/g1mk3j/a/14%E3%82%A4%E3%83%B3%E3%83%81MacBook-Pro-%E6%95%B4%E5%82%99%E6%B8%88%E8%A3%BD%E5%93%81-18%E3%82%B3%E3%82%A2CPU%E3%81%A840%E3%82%B3%E3%82%A2GPU%E3%82%92%E6%90%AD%E8%BC%89%E3%81%97%E3%81%9FApple-M5-Max%E3%83%81%E3%83%83%E3%83%97Nano-texture%E3%83%87%E3%82%A3%E3%82%B9%E3%83%97%E3%83%AC%E3%82%A4-%E3%82%B7%E3%83%AB%E3%83%90%E3%83%BC?fnode=7905a12fb5f30f17e58450eacd9157066c82f986ed52b2e44ffdcfdde67ed558273141b2ff2b68bf2db814887f2c99facd90fd5f600aa41a4cf2b3e5689ad4d79535562474bbfd88f9b7e53df5307a83
2026-08-01T15:39:51+09:00,macbook-pro,16インチMacBook Pro [整備済製品] 16コアCPUと40コアGPUを搭載したApple M4 Maxチップ - シルバー,1232800,G1FS6J/A,https://www.apple.com/jp/shop/product/g1fs6j/a/16%E3%82%A4%E3%83%B3%E3%83%81MacBook-Pro-%E6%95%B4%E5%82%99%E6%B8%88%E8%A3%BD%E5%93%81-16%E3%82%B3%E3%82%A2CPU%E3%81%A840%E3%82%B3%E3%82%A2GPU%E3%82%92%E6%90%AD%E8%BC%89%E3%81%97%E3%81%9FApple-M4-Max%E3%83%81%E3%83%83%E3%83%97-%E3%82%B7%E3%83%AB%E3%83%90%E3%83%BC?fnode=7905a12fb5f30f17e58450eacd9157066c82f986ed52b2e44ffdcfdde67ed558273141b2ff2b68bf2db814887f2c99facd90fd5f600aa41a4cf2b3e5689ad4d79535562474bbfd88f9b7e53df5307a83
2026-08-01T15:39:51+09:00,macbook-pro,16インチMacBook Pro [整備済製品] 18コアCPUと40コアGPUを搭載したApple M5 Maxチップ、Nano-textureディスプレイ - シルバー,1264800,G1MY6J/A,https://www.apple.com/jp/shop/product/g1my6j/a/16%E3%82%A4%E3%83%B3%E3%83%81MacBook-Pro-%E6%95%B4%E5%82%99%E6%B8%88%E8%A3%BD%E5%93%81-18%E3%82%B3%E3%82%A2CPU%E3%81%A840%E3%82%B3%E3%82%A2GPU%E3%82%92%E6%90%AD%E8%BC%89%E3%81%97%E3%81%9FApple-M5-Max%E3%83%81%E3%83%83%E3%83%97Nano-texture%E3%83%87%E3%82%A3%E3%82%B9%E3%83%97%E3%83%AC%E3%82%A4-%E3%82%B7%E3%83%AB%E3%83%90%E3%83%BC?fnode=7905a12fb5f30f17e58450eacd9157066c82f986ed52b2e44ffdcfdde67ed558273141b2ff2b68bf2db814887f2c99facd90fd5f600aa41a4cf2b3e5689ad4d79535562474bbfd88f9b7e53df5307a83
2026-08-01T15:39:51+09:00,macbook-pro,16インチMacBook Pro [整備済製品] 18コアCPUと40コアGPUを搭載したApple M5 Maxチップ、Nano-textureディスプレイ - スペースブラック,1264800,G1N26J/A,https://www.apple.com/jp/shop/product/g1n26j/a/16%E3%82%A4%E3%83%B3%E3%83%81MacBook-Pro-%E6%95%B4%E5%82%99%E6%B8%88%E8%A3%BD%E5%93%81-18%E3%82%B3%E3%82%A2CPU%E3%81%A840%E3%82%B3%E3%82%A2GPU%E3%82%92%E6%90%AD%E8%BC%89%E3%81%97%E3%81%9FApple-M5-Max%E3%83%81%E3%83%83%E3%83%97Nano-texture%E3%83%87%E3%82%A3%E3%82%B9%E3%83%97%E3%83%AC%E3%82%A4-%E3%82%B9%E3%83%9A%E3%83%BC%E3%82%B9%E3%83%96%E3%83%A9%E3%83%83%E3%82%AF?fnode=7905a12fb5f30f17e58450eacd9157066c82f986ed52b2e44ffdcfdde67ed558273141b2ff2b68bf2db814887f2c99facd90fd5f600aa41a4cf2b3e5689ad4d79535562474bbfd88f9b7e53df5307a83
2026-08-01T15:39:51+09:00,macbook-pro,14インチMacBook Pro [整備済製品] 18コアCPUと40コアGPUを搭載したApple M5 Maxチップ - スペースブラック,1450800,G1MN8J/A,https://www.apple.com/jp/shop/product/g1mn8j/a/14%E3%82%A4%E3%83%B3%E3%83%81MacBook-Pro-%E6%95%B4%E5%82%99%E6%B8%88%E8%A3%BD%E5%93%81-18%E3%82%B3%E3%82%A2CPU%E3%81%A840%E3%82%B3%E3%82%A2GPU%E3%82%92%E6%90%AD%E8%BC%89%E3%81%97%E3%81%9FApple-M5-Max%E3%83%81%E3%83%83%E3%83%97-%E3%82%B9%E3%83%9A%E3%83%BC%E3%82%B9%E3%83%96%E3%83%A9%E3%83%83%E3%82%AF?fnode=7905a12fb5f30f17e58450eacd9157066c82f986ed52b2e44ffdcfdde67ed558273141b2ff2b68bf2db814887f2c99facd90fd5f600aa41a4cf2b3e5689ad4d79535562474bbfd88f9b7e53df5307a83
2026-08-01T15:39:51+09:00,macbook-pro,14インチMacBook Pro [整備済製品] 18コアCPUと40コアGPUを搭載したApple M5 Maxチップ、Nano-textureディスプレイ - スペースブラック,1473800,G1MN9J/A,https://www.apple.com/jp/shop/product/g1mn9j/a/14%E3%82%A4%E3%83%B3%E3%83%81MacBook-Pro-%E6%95%B4%E5%82%99%E6%B8%88%E8%A3%BD%E5%93%81-18%E3%82%B3%E3%82%A2CPU%E3%81%A840%E3%82%B3%E3%82%A2GPU%E3%82%92%E6%90%AD%E8%BC%89%E3%81%97%E3%81%9FApple-M5-Max%E3%83%81%E3%83%83%E3%83%97Nano-texture%E3%83%87%E3%82%A3%E3%82%B9%E3%83%97%E3%83%AC%E3%82%A4-%E3%82%B9%E3%83%9A%E3%83%BC%E3%82%B9%E3%83%96%E3%83%A9%E3%83%83%E3%82%AF?fnode=7905a12fb5f30f17e58450eacd9157066c82f986ed52b2e44ffdcfdde67ed558273141b2ff2b68bf2db814887f2c99facd90fd5f600aa41a4cf2b3e5689ad4d79535562474bbfd88f9b7e53df5307a83
2026-08-01T15:39:51+09:00,macbook-pro,16インチMacBook Pro [整備済製品] 18コアCPUと40コアGPUを搭載したApple M5 Maxチップ - シルバー,1486800,G1MYGJ/A,https://www.apple.com/jp/shop/product/g1mygj/a/16%E3%82%A4%E3%83%B3%E3%83%81MacBook-Pro-%E6%95%B4%E5%82%99%E6%B8%88%E8%A3%BD%E5%93%81-18%E3%82%B3%E3%82%A2CPU%E3%81%A840%E3%82%B3%E3%82%A2GPU%E3%82%92%E6%90%AD%E8%BC%89%E3%81%97%E3%81%9FApple-M5-Max%E3%83%81%E3%83%83%E3%83%97-%E3%82%B7%E3%83%AB%E3%83%90%E3%83%BC?fnode=7905a12fb5f30f17e58450eacd9157066c82f986ed52b2e44ffdcfdde67ed558273141b2ff2b68bf2db814887f2c99facd90fd5f600aa41a4cf2b3e5689ad4d79535562474bbfd88f9b7e53df5307a83
2026-08-01T15:39:51+09:00,macbook-pro,16インチMacBook Pro [整備済製品] 18コアCPUと40コアGPUを搭載したApple M5 Maxチップ - スペースブラック,1486800,G1N2GJ/A,https://www.apple.com/jp/shop/product/g1n2gj/a/16%E3%82%A4%E3%83%B3%E3%83%81MacBook-Pro-%E6%95%B4%E5%82%99%E6%B8%88%E8%A3%BD%E5%93%81-18%E3%82%B3%E3%82%A2CPU%E3%81%A840%E3%82%B3%E3%82%A2GPU%E3%82%92%E6%90%AD%E8%BC%89%E3%81%97%E3%81%9FApple-M5-Max%E3%83%81%E3%83%83%E3%83%97-%E3%82%B9%E3%83%9A%E3%83%BC%E3%82%B9%E3%83%96%E3%83%A9%E3%83%83%E3%82%AF?fnode=7905a12fb5f30f17e58450eacd9157066c82f986ed52b2e44ffdcfdde67ed558273141b2ff2b68bf2db814887f2c99facd90fd5f600aa41a4cf2b3e5689ad4d79535562474bbfd88f9b7e53df5307a83
2026-08-01T15:39:51+09:00,macbook-pro,16インチMacBook Pro [整備済製品] 18コアCPUと40コアGPUを搭載したApple M5 Maxチップ、Nano-textureディスプレイ - シルバー,1509800,G1MY9J/A,https://www.apple.com/jp/shop/product/g1my9j/a/16%E3%82%A4%E3%83%B3%E3%83%81MacBook-Pro-%E6%95%B4%E5%82%99%E6%B8%88%E8%A3%BD%E5%93%81-18%E3%82%B3%E3%82%A2CPU%E3%81%A840%E3%82%B3%E3%82%A2GPU%E3%82%92%E6%90%AD%E8%BC%89%E3%81%97%E3%81%9FApple-M5-Max%E3%83%81%E3%83%83%E3%83%97Nano-texture%E3%83%87%E3%82%A3%E3%82%B9%E3%83%97%E3%83%AC%E3%82%A4-%E3%82%B7%E3%83%AB%E3%83%90%E3%83%BC?fnode=7905a12fb5f30f17e58450eacd9157066c82f986ed52b2e44ffdcfdde67ed558273141b2ff2b68bf2db814887f2c99facd90fd5f600aa41a4cf2b3e5689ad4d79535562474bbfd88f9b7e53df5307a83
2026-08-01T15:39:51+09:00,macbook-pro,16インチMacBook Pro [整備済製品] 18コアCPUと40コアGPUを搭載したApple M5 Maxチップ、Nano-textureディスプレイ - スペースブラック,1509800,G1N29J/A,https://www.apple.com/jp/shop/product/g1n29j/a/16%E3%82%A4%E3%83%B3%E3%83%81MacBook-Pro-%E6%95%B4%E5%82%99%E6%B8%88%E8%A3%BD%E5%93%81-18%E3%82%B3%E3%82%A2CPU%E3%81%A840%E3%82%B3%E3%82%A2GPU%E3%82%92%E6%90%AD%E8%BC%89%E3%81%97%E3%81%9FApple-M5-Max%E3%83%81%E3%83%83%E3%83%97Nano-texture%E3%83%87%E3%82%A3%E3%82%B9%E3%83%97%E3%83%AC%E3%82%A4-%E3%82%B9%E3%83%9A%E3%83%BC%E3%82%B9%E3%83%96%E3%83%A9%E3%83%83%E3%82%AF?fnode=7905a12fb5f30f17e58450eacd9157066c82f986ed52b2e44ffdcfdde67ed558273141b2ff2b68bf2db814887f2c99facd90fd5f600aa41a4cf2b3e5689ad4d79535562474bbfd88f9b7e53df5307a83
2026-08-01T15:39:51+09:00,mac-studio,Mac Studio [整備済製品] 32コアCPUと80コアGPUを搭載したApple M3 Ultraチップ,2140800,G1CEMJ/A,https://www.apple.com/jp/shop/product/g1cemj/a/Mac-Studio-%E6%95%B4%E5%82%99%E6%B8%88%E8%A3%BD%E5%93%81-32%E3%82%B3%E3%82%A2CPU%E3%81%A880%E3%82%B3%E3%82%A2GPU%E3%82%92%E6%90%AD%E8%BC%89%E3%81%97%E3%81%9FApple-M3-Ultra%E3%83%81%E3%83%83%E3%83%97?fnode=7905a12fb5f30f17e58450eacd9157066c82f986ed52b2e44ffdcfdde67ed558273141b2ff2b68bf2db814887f2c99facd90fd5f600aa41a4cf2b3e5689ad4d79535562474bbfd88f9b7e53df5307a83
